Rk,Player,Age,Team,Pos,G,GS,MP,FG,FGA,FG%,3P,3PA,3P%,2P,2PA,2P%,eFG%,FT,FTA,FT%,ORB,DRB,TRB,AST,STL,BLK,TOV,PF,PTS,Trp-Dbl,Awards,,Salary
1,Shai Gilgeous-Alexander,26,OKC,PG,76,76,2598,860,1656,0.519,163,435,0.375,697,1221,0.571,0.569,601,669,0.898,67,312,379,486,131,77,183,164,2484,0,MVP-1DPOY-10CPOY-8ASNBA1,,61005000
2,Anthony Edwards,23,MIN,SG,79,79,2871,721,1612,0.447,320,811,0.395,401,801,0.501,0.547,415,496,0.837,61,389,450,359,91,51,249,150,2177,0,MVP-7CPOY-3ASNBA2,,45550512
3,Nikola Joki?,29,DEN,C,70,70,2571,786,1364,0.576,138,331,0.417,648,1033,0.627,0.627,361,451,0.8,200,692,892,716,127,45,230,160,2071,34,MVP-2CPOY-2ASNBA1,,55224526
4,Giannis Antetokounmpo,30,MIL,PF,67,67,2289,793,1319,0.601,14,63,0.222,779,1256,0.62,0.607,436,707,0.617,147,651,798,433,58,78,206,155,2036,11,MVP-3DPOY-8ASNBA1,,54126450
5,Jayson Tatum,26,BOS,PF,72,72,2624,662,1465,0.452,250,728,0.343,412,737,0.559,0.537,358,440,0.814,48,575,623,431,76,38,209,157,1932,2,MVP-4CPOY-10ASNBA1,,54126450
6,Devin Booker,28,PHO,SG,75,75,2795,654,1420,0.461,183,551,0.332,471,869,0.542,0.525,432,483,0.894,76,229,305,529,67,16,220,198,1923,0,,,53142264
7,Trae Young,26,ATL,PG,76,76,2739,566,1376,0.411,218,642,0.34,348,734,0.474,0.491,491,561,0.875,36,200,236,880,91,12,355,145,1841,0,CPOY-4AS,,46394100
8,Tyler Herro,25,MIA,SG,77,77,2725,651,1378,0.472,251,670,0.375,400,708,0.565,0.563,287,327,0.878,35,364,399,424,69,17,198,85,1840,0,AS,,32500000
9,Cade Cunningham,23,DET,PG,70,70,2452,684,1457,0.469,149,418,0.356,535,1039,0.515,0.521,313,370,0.846,56,369,425,638,71,53,309,195,1830,9,MVP-7ASNBA3,,46394100
10,James Harden,35,LAC,PG,79,79,2789,531,1295,0.41,235,668,0.352,296,627,0.472,0.501,505,578,0.874,55,401,456,687,118,55,341,162,1802,3,MVP-10ASNBA3,,39182693
11,Karl-Anthony Towns,29,NYK,C,72,72,2517,639,1215,0.526,142,338,0.42,497,877,0.567,0.584,339,409,0.829,212,708,920,222,71,50,192,249,1759,1,ASNBA3,,53142264
12,Zach LaVine,29,2TM,SG,74,74,2602,625,1223,0.511,239,536,0.446,386,687,0.562,0.609,235,285,0.825,22,293,315,310,58,12,208,121,1724,0,,,47499660
13,Jalen Green,22,HOU,SG,82,82,2697,608,1437,0.423,234,661,0.354,374,776,0.482,0.505,273,336,0.813,45,332,377,282,71,27,203,127,1723,0,,,34944001
14,Stephen Curry,36,GSW,PG,70,70,2252,564,1258,0.448,311,784,0.397,253,474,0.534,0.572,279,299,0.933,40,270,310,421,80,30,200,95,1718,0,MVP-9CPOY-5ASNBA2,,59606817
15,DeMar DeRozan,35,SAC,SF,77,77,2768,624,1308,0.477,84,256,0.328,540,1052,0.513,0.509,378,441,0.857,50,248,298,342,62,32,105,150,1710,0,,,25000000
16,LeBron James,40,LAL,SF,70,70,2444,651,1270,0.513,149,396,0.376,502,874,0.574,0.571,259,331,0.782,72,474,546,575,70,39,260,99,1710,10,MVP-6CPOY-7ASNBA2,,52627153
17,Donovan Mitchell,28,CLE,SG,71,71,2232,585,1320,0.443,233,633,0.368,352,687,0.512,0.531,298,362,0.823,57,265,322,354,95,17,149,140,1701,0,MVP-5CPOY-9ASNBA1,,46394100
18,Jalen Brunson,28,NYK,PG,65,65,2301,585,1200,0.488,152,397,0.383,433,803,0.539,0.551,368,448,0.821,27,160,187,475,60,8,164,138,1690,0,MVP-10CPOY-1ASNBA2,,35000000
19,Kevin Durant,36,PHO,PF,62,62,2265,592,1124,0.527,160,372,0.43,432,752,0.574,0.598,303,361,0.839,23,351,374,263,50,77,190,104,1647,0,AS,,54708609
20,Jaren Jackson Jr.,25,MEM,C,74,74,2207,592,1213,0.488,146,389,0.375,446,824,0.541,0.548,311,398,0.781,91,326,417,148,92,113,153,257,1641,0,DPOY-7ASDEF2,,49000000
21,Pascal Siakam,30,IND,PF,78,78,2548,613,1182,0.519,126,324,0.389,487,858,0.568,0.572,226,308,0.734,133,407,540,263,70,42,109,189,1578,0,AS,,45550512
22,Darius Garland,25,CLE,PG,75,75,2301,554,1174,0.472,212,529,0.401,342,645,0.53,0.562,224,255,0.878,47,167,214,506,91,11,189,143,1544,0,CPOY-6AS,,39446090
23,Coby White,24,CHI,SG,74,73,2450,508,1121,0.453,216,584,0.37,292,537,0.544,0.55,277,307,0.902,25,248,273,330,69,16,177,154,1509,0,,,13285713
24,Jalen Williams,23,OKC,SG,69,69,2237,565,1168,0.484,124,340,0.365,441,828,0.533,0.537,236,299,0.789,59,310,369,354,111,46,150,158,1490,0,ASNBA3DEF2,,41500000
25,Austin Reaves,26,LAL,SG,73,73,2550,477,1037,0.46,200,531,0.377,277,506,0.547,0.556,321,366,0.877,61,268,329,421,81,22,177,151,1475,1,,,14000000
26,De'Aaron Fox,27,2TM,PG,62,62,2241,539,1163,0.463,118,381,0.31,421,782,0.538,0.514,263,318,0.827,54,244,298,392,91,25,174,164,1459,0,,,49800000
,Alperen ?engün,22,HOU,C,76,76,2395,567,1143,0.496,21,90,0.233,546,1053,0.519,0.505,296,428,0.692,262,524,786,372,84,61,194,209,1451,4,AS,,33944954
28,Franz Wagner,23,ORL,SF,60,60,2023,537,1161,0.463,104,352,0.295,433,809,0.535,0.507,271,311,0.871,56,286,342,284,75,21,138,147,1449,0,,,38661750
29,Damian Lillard,34,MIL,PG,58,58,2093,444,992,0.448,197,524,0.376,247,468,0.528,0.547,362,393,0.921,29,243,272,410,70,10,162,97,1447,2,AS,,24570000
30,Mikal Bridges,28,NYK,SF,82,82,3036,592,1183,0.5,164,463,0.354,428,720,0.594,0.57,96,118,0.814,71,188,259,306,75,43,132,127,1444,0,,,33482145
31,Jamal Murray,27,DEN,PG,67,67,2418,531,1121,0.474,156,397,0.393,375,724,0.518,0.543,218,246,0.886,45,216,261,403,91,33,138,128,1436,0,,,46394100
32,Bam Adebayo,27,MIA,C,78,78,2674,540,1113,0.485,79,221,0.357,461,892,0.517,0.521,251,328,0.765,185,564,749,337,98,53,161,162,1410,1,DPOY-10,,49800000
33,Luka Don?i?,25,2TM,PG,50,50,1769,461,1025,0.45,177,481,0.368,284,544,0.522,0.536,309,395,0.782,40,369,409,383,89,21,179,126,1408,5,,,49800000
34,Jaylen Brown,28,BOS,SF,63,63,2158,518,1118,0.463,116,358,0.324,402,760,0.529,0.515,246,322,0.764,82,286,368,286,73,19,162,154,1398,0,AS,,53142264
35,Michael Porter Jr.,26,DEN,SF,77,77,2593,528,1048,0.504,193,489,0.395,335,559,0.599,0.596,149,194,0.768,138,402,540,165,50,38,104,157,1398,0,,,38333050
36,Jordan Poole,25,WAS,SG,68,68,2001,457,1057,0.432,235,622,0.378,222,435,0.51,0.544,242,274,0.883,31,172,203,303,86,27,204,201,1391,0,,,33296296
37,Tyrese Maxey,24,PHI,PG,52,52,1960,477,1091,0.437,161,478,0.337,316,613,0.515,0.511,254,289,0.879,15,159,174,317,91,21,124,116,1369,1,CPOY-10,,37958760
38,Tyrese Haliburton,24,IND,PG,73,73,2451,476,1006,0.473,218,562,0.388,258,444,0.581,0.582,189,222,0.851,42,216,258,673,105,49,120,92,1359,0,NBA3,,45550512
,Nikola Vu?evi?,34,CHI,C,73,72,2278,550,1038,0.53,129,321,0.402,421,717,0.587,0.592,120,149,0.805,178,557,735,256,61,52,119,163,1349,1,,,22841455
40,Anfernee Simons,25,POR,SG,70,70,2292,479,1125,0.426,215,593,0.363,264,532,0.496,0.521,175,194,0.902,25,164,189,337,60,5,143,117,1348,0,,,28500000
41,Ivica Zubac,27,LAC,C,80,80,2624,592,942,0.628,0,0,,592,942,0.628,0.628,156,236,0.661,300,710,1010,214,55,90,127,168,1340,1,DPOY-6DEF2,,19500000
42,Domantas Sabonis,28,SAC,C,70,70,2429,527,893,0.59,65,156,0.417,462,737,0.627,0.627,218,289,0.754,267,705,972,423,48,26,202,229,1337,10,,,42336000
44,Shaedon Sharpe,21,POR,SG,72,52,2252,499,1104,0.452,147,472,0.311,352,632,0.557,0.519,190,242,0.785,68,256,324,198,62,16,150,120,1335,0,,,20089287
45,OG Anunoby,27,NYK,PF,74,74,2706,489,1027,0.476,171,460,0.372,318,567,0.561,0.559,183,226,0.81,97,261,358,164,110,65,102,172,1332,0,,,39568966
46,Desmond Bane,26,MEM,SG,69,68,2205,493,1018,0.484,164,418,0.392,329,600,0.548,0.565,177,198,0.894,62,356,418,369,80,28,169,164,1327,1,,,36725670
47,Evan Mobley,23,CLE,PF,71,71,2167,505,906,0.557,85,230,0.37,420,676,0.621,0.604,221,305,0.725,164,495,659,226,61,113,145,141,1316,0,MVP-10DPOY-1ASNBA2DEF1,,46394100
48,Norman Powell,31,LAC,SG,60,60,1958,457,945,0.484,179,428,0.418,278,517,0.538,0.578,213,265,0.804,21,169,190,125,73,9,108,114,1306,0,,,21551724
49,Miles Bridges,26,CHO,PF,64,64,2029,469,1089,0.431,141,450,0.313,328,639,0.513,0.495,221,254,0.87,72,409,481,248,44,45,136,93,1300,1,,,25318251
50,Julius Randle,30,MIN,PF,69,69,2226,455,939,0.485,108,314,0.344,347,625,0.555,0.542,270,335,0.806,144,343,487,323,47,16,196,175,1288,0,,,32400000
51,Anthony Davis,31,2TM,C,51,51,1706,470,910,0.516,35,124,0.282,435,786,0.553,0.536,286,369,0.775,134,456,590,181,59,110,113,98,1261,1,AS,,54126450
52,Scottie Barnes,23,TOR,PF,65,65,2134,474,1063,0.446,76,280,0.271,398,783,0.508,0.482,228,302,0.755,109,393,502,378,93,63,185,113,1252,1,,,38661750
53,Derrick White,30,BOS,SG,76,76,2574,424,959,0.442,265,691,0.384,159,268,0.593,0.58,135,161,0.839,67,274,341,361,72,80,131,138,1248,0,DPOY-10,,30666666
54,Kyrie Irving,32,DAL,SG,50,50,1804,447,945,0.473,144,359,0.401,303,586,0.517,0.549,196,214,0.916,60,180,240,231,66,23,111,101,1234,0,CPOY-10AS,,36620603
55,RJ Barrett,24,TOR,SF,58,58,1869,460,982,0.468,107,306,0.35,353,676,0.522,0.523,196,311,0.63,61,305,366,314,46,17,165,137,1223,2,,,30000000
56,Deni Avdija,24,POR,SF,72,54,2161,402,844,0.476,125,342,0.365,277,502,0.552,0.55,290,372,0.78,110,412,522,281,71,35,196,171,1219,2,,,15000000
57,Christian Braun,23,DEN,SG,79,77,2675,476,821,0.58,89,224,0.397,387,597,0.648,0.634,177,214,0.827,98,312,410,205,85,37,81,170,1218,0,,,21551726
58,Paolo Banchero,22,ORL,PF,46,46,1582,412,911,0.452,87,272,0.32,325,639,0.509,0.5,280,385,0.727,51,294,345,219,36,28,136,97,1191,0,,,41500000
59,Stephon Castle,20,SAS,SG,81,47,2162,423,988,0.428,95,333,0.285,328,655,0.501,0.476,249,344,0.724,89,208,297,332,74,22,177,164,1190,0,ROY-1,,10102803
60,LaMelo Ball,23,CHO,PG,47,47,1505,406,1003,0.405,179,528,0.339,227,475,0.478,0.494,193,229,0.843,47,185,232,346,54,13,167,157,1184,0,,,40770520
61,CJ McCollum,33,NOP,PG,56,56,1832,444,1000,0.444,171,459,0.373,273,541,0.505,0.53,124,173,0.717,42,170,212,227,46,24,106,124,1183,0,,,31000000
62,Ja Morant,25,MEM,PG,50,50,1519,404,889,0.454,88,285,0.309,316,604,0.523,0.504,263,319,0.824,34,171,205,364,61,12,185,113,1159,1,,,39446090
63,Collin Sexton,26,UTA,SG,63,61,1758,416,867,0.48,110,271,0.406,306,596,0.513,0.543,217,251,0.865,60,111,171,264,47,6,160,144,1159,0,,,19920855
64,Bennedict Mathurin,22,IND,SF,72,49,2149,391,853,0.458,98,288,0.34,293,565,0.519,0.516,276,332,0.831,87,296,383,136,47,24,135,162,1156,0,,,10000000
65,Payton Pritchard,27,BOS,PG,80,3,2271,409,866,0.472,255,626,0.407,154,240,0.642,0.62,71,84,0.845,102,205,307,279,70,14,83,118,1144,0,6MOY-1,,7863240
66,Naz Reid,25,MIN,C,80,17,2200,426,923,0.462,175,462,0.379,251,461,0.544,0.556,111,143,0.776,92,388,480,181,58,72,108,189,1138,0,6MOY-5,,23303571
68,Trey Murphy III,24,NOP,SF,53,51,1854,381,839,0.454,158,438,0.361,223,401,0.556,0.548,204,230,0.887,47,221,268,188,56,39,103,112,1124,0,,,25892857
69,Myles Turner,28,IND,C,72,72,2174,390,811,0.481,156,394,0.396,234,417,0.561,0.577,184,238,0.773,90,381,471,111,54,144,123,183,1120,0,,,26580000
70,Malik Monk,26,SAC,SG,65,45,2054,412,939,0.439,139,428,0.325,273,511,0.534,0.513,154,178,0.865,30,215,245,362,61,38,159,158,1117,0,,,19472240
72,Jarrett Allen,26,CLE,C,82,82,2296,452,640,0.706,0,5,0,452,635,0.712,0.706,199,277,0.718,216,582,798,158,77,73,97,127,1103,0,,,28000000
73,Quentin Grimes,24,2TM,SG,75,37,2013,384,823,0.467,162,421,0.385,222,402,0.552,0.565,162,214,0.757,59,265,324,228,74,22,141,138,1092,0,,,9069840
74,De'Andre Hunter,27,2TM,SF,64,9,1740,358,762,0.47,157,388,0.405,201,374,0.537,0.573,215,254,0.846,44,214,258,92,50,13,82,155,1088,0,6MOY-4,,24737010
75,Andrew Wiggins,29,2TM,SF,60,60,1842,376,839,0.448,130,348,0.374,246,491,0.501,0.526,196,257,0.763,89,180,269,158,60,50,99,101,1078,0,,,30731707
76,Dyson Daniels,21,ATL,SG,76,76,2571,455,923,0.493,80,235,0.34,375,688,0.545,0.536,83,140,0.593,124,325,449,333,229,55,155,175,1073,0,DPOY-2MIP-1DEF1,,25000000
77,Cameron Johnson,28,BRK,PF,57,57,1800,355,747,0.475,159,408,0.39,196,339,0.578,0.582,201,225,0.893,54,193,247,194,53,25,99,104,1070,0,,,21621500
78,Dillon Brooks,29,HOU,SF,75,75,2388,384,895,0.429,186,469,0.397,198,426,0.465,0.533,99,121,0.818,75,200,275,128,60,16,76,242,1053,0,,,22410605
79,Josh Hart,29,NYK,SG,77,77,2897,404,770,0.525,84,252,0.333,320,518,0.618,0.579,159,205,0.776,161,576,737,453,119,27,158,201,1051,9,,,21057065
80,Brook Lopez,36,MIL,C,80,80,2546,394,774,0.509,139,373,0.373,255,401,0.636,0.599,114,138,0.826,113,288,401,143,50,148,84,171,1041,0,,,9187573
81,Devin Vassell,24,SAS,SG,64,53,1983,394,889,0.443,158,429,0.368,236,460,0.513,0.532,95,120,0.792,34,221,255,183,84,33,88,108,1041,0,,,28223215
82,Josh Giddey,22,CHI,PG,70,69,2117,371,798,0.465,105,278,0.378,266,520,0.512,0.531,175,224,0.781,127,439,566,503,84,45,202,122,1022,7,,,25352272
83,Harrison Barnes,32,SAS,PF,82,82,2230,347,683,0.508,156,360,0.433,191,323,0.591,0.622,161,199,0.809,97,213,310,136,39,14,50,75,1011,0,,,19920855
84,Klay Thompson,34,DAL,SF,72,72,1965,361,877,0.412,216,553,0.391,145,324,0.448,0.535,67,74,0.905,44,202,246,145,50,30,88,81,1005,0,,,18000000
85,Tobias Harris,32,DET,PF,73,73,2305,384,805,0.477,91,264,0.345,293,541,0.542,0.534,143,166,0.861,65,367,432,162,74,57,85,138,1002,0,,,27705357
86,Jaden McDaniels,24,MIN,PF,82,82,2614,398,834,0.477,100,303,0.33,298,531,0.561,0.537,104,128,0.813,129,341,470,163,110,74,95,225,1000,0,,,25000000
88,Onyeka Okongwu,24,ATL,C,74,40,2064,388,684,0.567,48,148,0.324,340,536,0.634,0.602,164,216,0.759,220,440,660,168,69,68,90,193,988,0,,,16020000
89,Dennis Schröder,31,3TM,PG,75,49,2105,336,827,0.406,127,371,0.342,209,456,0.458,0.483,181,216,0.838,27,171,198,404,66,12,142,180,980,0,,,14375000
90,Keldon Johnson,25,SAS,SF,77,0,1838,371,770,0.482,87,274,0.318,284,496,0.573,0.538,150,194,0.773,112,259,371,125,49,22,77,115,979,0,,,18102000
91,Amen Thompson,22,HOU,SF,69,42,2225,388,697,0.557,25,91,0.275,363,606,0.599,0.575,169,247,0.684,192,372,564,265,97,89,138,167,970,3,DPOY-5DEF1,,10125000
92,Jimmy Butler,35,2TM,SF,55,55,1746,301,597,0.504,32,104,0.308,269,493,0.546,0.531,330,392,0.842,125,171,296,298,77,18,74,52,964,3,,,54126450
93,Kyle Kuzma,29,2TM,PF,65,62,1936,370,848,0.436,96,313,0.307,274,535,0.512,0.493,128,202,0.634,54,316,370,152,36,19,146,119,964,0,,,24393104
94,Keegan Murray,24,SAC,PF,76,76,2610,364,820,0.444,154,449,0.343,210,371,0.566,0.538,60,72,0.833,146,361,507,109,61,69,60,186,942,0,,,24137936
95,Zaccharie Risacher,19,ATL,SF,75,73,1843,357,779,0.458,122,344,0.355,235,435,0.54,0.537,106,149,0.711,86,182,268,92,52,37,92,149,942,0,ROY-2,,13445122
97,Naji Marshall,27,DAL,SF,69,31,1919,362,712,0.508,60,218,0.275,302,494,0.611,0.551,130,160,0.813,76,252,328,208,70,11,112,109,914,0,,,9594044
98,Aaron Wiggins,26,OKC,SG,76,26,1744,355,728,0.488,130,339,0.383,225,389,0.578,0.577,74,89,0.831,81,214,295,134,60,18,69,101,914,0,,,10739683
99,Buddy Hield,32,GSW,SG,82,22,1863,328,786,0.417,203,549,0.37,125,237,0.527,0.546,53,64,0.828,51,213,264,134,69,23,91,132,912,0,,,10015680
100,Kelly Oubre Jr.,29,PHI,SF,60,57,2078,348,741,0.47,71,242,0.293,277,499,0.555,0.518,139,185,0.751,97,271,368,108,92,30,80,180,906,0,,,8750000
101,Bradley Beal,31,PHO,SG,53,38,1702,345,694,0.497,102,264,0.386,243,430,0.565,0.571,110,137,0.803,34,143,177,195,58,28,99,136,902,0,,,20482758
102,Lauri Markkanen,27,UTA,PF,47,47,1476,296,700,0.423,138,399,0.346,158,301,0.525,0.521,162,185,0.876,72,206,278,70,33,17,66,79,892,0,,,46394100
,Toumani Camara,24,POR,PF,78,78,2548,328,716,0.458,135,360,0.375,193,356,0.542,0.552,91,126,0.722,173,277,450,175,116,50,109,230,882,0,,,18080358
104,Ty Jerome,27,CLE,SG,70,3,1392,319,618,0.516,111,253,0.439,208,365,0.57,0.606,129,148,0.872,50,123,173,237,78,3,92,102,878,0,6MOY-3,,9219512
106,Alex Sarr,19,WAS,C,67,67,1814,326,828,0.394,105,341,0.308,221,487,0.454,0.457,112,165,0.679,124,311,435,161,44,101,114,146,869,0,ROY-4,,12370320
107,Rudy Gobert,32,MIN,C,72,72,2388,341,510,0.669,0,0,,341,510,0.669,0.669,184,273,0.674,265,520,785,127,56,104,89,182,866,0,DPOY-13DEF2,,35000000
,Saddiq Bey,24,ATL,SF,63,51,2062,290,697,0.416,113,358,0.316,177,339,0.522,0.497,170,203,0.837,167,244,411,92,51,11,54,88,863,0,,,6576120
109,Fred VanVleet,30,HOU,PG,60,60,2111,287,759,0.378,159,461,0.345,128,298,0.43,0.483,111,137,0.81,32,189,221,333,94,25,87,140,844,0,,,25000000
110,Jonas Valan?i?nas,32,2TM,C,81,21,1524,345,627,0.55,8,37,0.216,337,590,0.571,0.557,145,165,0.879,190,437,627,164,37,46,120,181,843,0,,,11000000
113,P.J. Washington,26,DAL,PF,57,56,1835,301,665,0.453,91,239,0.381,210,426,0.493,0.521,143,198,0.722,82,360,442,131,63,60,118,131,836,0,,,19813044
114,Obi Toppin,26,IND,PF,79,4,1545,317,599,0.529,110,301,0.365,207,298,0.695,0.621,89,114,0.781,56,262,318,128,46,28,68,108,833,0,,,14130434
115,Tyus Jones,28,PHO,PG,81,58,2174,306,683,0.448,166,401,0.414,140,282,0.496,0.57,51,57,0.895,40,156,196,429,69,8,91,63,829,0,,,7680524
116,Jakob Poeltl,29,TOR,C,57,56,1686,363,579,0.627,1,3,0.333,362,576,0.628,0.628,97,144,0.674,189,358,547,158,66,71,111,176,824,0,,,21124110
,Kristaps Porzi??is,29,BOS,C,42,42,1210,277,574,0.483,103,250,0.412,174,324,0.537,0.572,161,199,0.809,68,216,284,87,31,63,53,116,818,0,,,30731707
120,Duncan Robinson,30,MIA,SF,74,37,1785,290,663,0.437,190,483,0.393,100,180,0.556,0.581,47,53,0.887,18,149,167,176,40,6,86,135,817,0,,,18080496
122,Santi Aldama,24,MEM,PF,65,16,1660,313,648,0.483,120,326,0.368,193,322,0.599,0.576,65,94,0.691,94,322,416,188,52,29,71,76,811,0,,,19375000
124,Kawhi Leonard,33,LAC,SF,37,37,1180,310,623,0.498,78,190,0.411,232,433,0.536,0.56,98,121,0.81,35,184,219,116,59,17,72,56,796,0,,,50000000
125,Georges Niang,31,2TM,PF,79,3,1697,286,620,0.461,166,409,0.406,120,211,0.569,0.595,46,58,0.793,47,225,272,111,28,14,82,201,784,0,,,8450704
126,Derrick Jones Jr.,27,LAC,SF,77,55,1873,310,589,0.526,78,219,0.356,232,370,0.627,0.593,83,118,0.703,93,170,263,60,79,33,66,153,781,0,,,10395000
129,Caris LeVert,30,2TM,SG,64,3,1596,280,599,0.467,106,284,0.373,174,315,0.552,0.556,110,155,0.71,41,162,203,215,57,33,76,99,776,0,,,14386320
130,Rui Hachimura,26,LAL,PF,59,57,1869,293,576,0.509,102,247,0.413,191,329,0.581,0.597,87,113,0.77,79,216,295,83,45,26,49,105,775,0,,,19000000
131,Nickeil Alexander-Walker,26,MIN,SG,82,10,2073,270,616,0.438,141,370,0.381,129,246,0.524,0.553,92,118,0.78,54,211,265,223,50,34,99,139,773,0,6MOY-6,,16666667
133,Kevin Porter Jr.,24,2TM,SG,75,4,1482,293,652,0.449,55,177,0.311,238,475,0.501,0.492,130,169,0.769,42,236,278,256,81,13,136,119,771,1,,,5601600
134,Guerschon Yabusele,29,PHI,C,70,43,1895,282,563,0.501,104,274,0.38,178,289,0.616,0.593,100,138,0.725,134,261,395,148,58,24,87,164,768,0,,,6000000
135,John Collins,27,UTA,PF,40,31,1220,280,531,0.527,59,148,0.399,221,383,0.577,0.583,139,164,0.848,89,238,327,80,39,40,103,116,758,0,,,27678571
136,Isaiah Joe,25,OKC,SG,74,16,1604,259,588,0.44,192,466,0.412,67,122,0.549,0.604,46,56,0.821,41,155,196,119,48,9,38,113,756,0,,,12947835
138,Max Christie,21,2TM,SG,78,36,2127,252,590,0.427,115,314,0.366,137,276,0.496,0.525,130,152,0.855,38,220,258,146,64,31,88,115,749,0,,,8000000
139,Aaron Gordon,29,DEN,PF,51,42,1447,264,497,0.531,75,172,0.436,189,325,0.582,0.607,145,179,0.81,80,167,247,164,23,14,73,82,748,0,,,33658037
141,Zion Williamson,24,NOP,PF,30,30,857,288,508,0.567,3,13,0.231,285,495,0.576,0.57,158,241,0.656,76,140,216,159,37,27,90,82,737,2,,,39446090
143,D'Angelo Russell,28,2TM,PG,58,36,1480,249,638,0.39,113,360,0.314,136,278,0.489,0.479,121,145,0.834,20,142,162,297,56,23,108,115,732,0,,,6165000
144,Bilal Coulibaly,20,WAS,SF,59,59,1948,263,624,0.421,63,224,0.281,200,400,0.5,0.472,138,185,0.746,91,203,294,199,78,41,125,139,727,1,,,7874853
145,Nic Claxton,25,BRK,C,70,62,1882,320,568,0.563,5,21,0.238,315,547,0.576,0.568,79,154,0.513,157,358,515,157,62,100,87,150,724,0,,,26634146
146,Moses Moody,22,GSW,SG,74,34,1649,246,568,0.433,126,337,0.374,120,231,0.519,0.544,106,133,0.797,52,137,189,96,59,31,54,116,724,0,,,12350392
147,Donte DiVincenzo,28,MIN,SG,62,10,1606,250,593,0.422,174,438,0.397,76,155,0.49,0.568,49,63,0.778,32,196,228,225,73,17,99,114,723,0,,,12700000
149,T.J. McConnell,32,IND,PG,79,1,1415,324,624,0.519,15,49,0.306,309,575,0.537,0.531,57,77,0.74,44,149,193,351,83,21,109,79,720,0,,,11000000
150,Luguentz Dort,25,OKC,SF,71,71,2073,258,593,0.435,170,413,0.412,88,180,0.489,0.578,33,46,0.717,89,204,293,115,79,39,51,208,719,0,DPOY-4DEF1,,18975000
151,Jonathan Kuminga,22,GSW,PF,47,10,1144,258,568,0.454,46,151,0.305,212,417,0.508,0.495,157,235,0.668,56,161,217,104,38,21,71,90,719,0,,,24900000
153,Corey Kispert,25,WAS,SF,61,0,1602,255,565,0.451,120,330,0.364,135,235,0.574,0.558,75,88,0.852,36,145,181,103,26,14,64,98,705,0,,,14104000
154,Daniel Gafford,26,DAL,C,57,31,1226,283,403,0.702,0,0,,283,403,0.702,0.702,135,196,0.689,155,233,388,80,23,102,66,152,701,0,,,15161800
155,Jabari Smith Jr.,21,HOU,PF,57,39,1716,248,566,0.438,98,277,0.354,150,289,0.519,0.525,104,126,0.825,105,294,399,60,25,41,61,123,698,0,,,23643411
160,Jrue Holiday,34,BOS,PG,62,62,1896,254,573,0.443,108,306,0.353,146,267,0.547,0.538,70,77,0.909,76,189,265,239,66,27,77,101,686,0,,,33654814
161,Kevin Huerter,26,2TM,SG,69,31,1679,257,604,0.425,132,391,0.338,125,213,0.587,0.535,35,49,0.714,30,175,205,156,66,23,67,121,681,0,,,18222222
162,Grayson Allen,29,PHO,SG,64,7,1544,219,489,0.448,149,350,0.426,70,139,0.504,0.6,93,114,0.816,34,160,194,137,54,19,75,95,680,0,,,18102000
163,Jalen Johnson,23,ATL,SF,36,36,1284,271,542,0.5,44,141,0.312,227,401,0.566,0.541,94,126,0.746,62,297,359,181,56,36,106,67,680,1,,,30864198
164,Royce O'Neale,31,PHO,SF,75,22,1837,241,570,0.423,179,441,0.406,62,129,0.481,0.58,19,26,0.731,53,296,349,163,67,34,65,151,680,0,,,10850000
165,Bobby Portis,29,MIL,PF,49,7,1244,277,595,0.466,65,178,0.365,212,417,0.508,0.52,61,73,0.836,90,321,411,104,35,26,57,94,680,0,,,13731368
166,Terry Rozier,30,MIA,PG,64,23,1658,248,635,0.391,91,308,0.295,157,327,0.48,0.462,92,108,0.852,44,194,238,167,37,14,78,73,679,0,,,28100000
167,Jerami Grant,30,POR,PF,47,47,1524,214,574,0.373,108,296,0.365,106,278,0.381,0.467,141,166,0.849,26,137,163,101,41,46,65,109,677,0,,,33584499
168,Kentavious Caldwell-Pope,31,ORL,SG,77,77,2279,239,544,0.439,113,330,0.342,126,214,0.589,0.543,82,95,0.863,33,136,169,136,99,34,62,136,673,0,,,23799569
169,Mark Williams,23,CHO,C,44,41,1171,270,447,0.604,0,4,0,270,443,0.609,0.604,131,163,0.804,132,315,447,109,32,54,71,105,671,0,,,6700000
172,Paul George,34,PHI,PF,41,41,1334,245,570,0.43,96,268,0.358,149,302,0.493,0.514,79,97,0.814,24,195,219,178,75,20,106,101,665,0,,,51666090
175,Andrew Nembhard,25,IND,SG,65,65,1881,247,539,0.458,51,175,0.291,196,364,0.538,0.506,108,136,0.794,34,182,216,326,79,11,112,149,653,0,,,18797619
177,Isaiah Hartenstein,26,OKC,C,57,53,1590,279,480,0.581,0,19,0,279,461,0.605,0.581,79,117,0.675,163,448,611,219,47,62,96,171,637,0,,,30801103
178,Ziaire Williams,23,BRK,SF,63,45,1541,214,520,0.412,103,302,0.341,111,218,0.509,0.511,101,123,0.821,61,226,287,84,62,28,67,149,632,0,,,6665520
180,Wendell Carter Jr.,25,ORL,C,68,51,1758,226,491,0.46,37,158,0.234,189,333,0.568,0.498,129,175,0.737,151,341,492,134,52,41,77,199,618,0,,,11144093
181,Jeremy Sochan,21,SAS,PF,54,23,1364,251,469,0.535,28,91,0.308,223,378,0.59,0.565,87,125,0.696,127,225,352,128,45,27,84,131,617,0,,,7680524
183,Draymond Green,34,GSW,PF,68,66,1983,216,509,0.424,80,246,0.325,136,263,0.517,0.503,101,147,0.687,74,340,414,383,99,70,174,219,613,1,DPOY-3DEF1,,27000000
186,Sam Hauser,27,BOS,PF,71,19,1541,214,474,0.451,166,399,0.416,48,75,0.64,0.627,11,11,1,44,180,224,64,41,13,23,87,605,0,,,10739683
188,Jordan Clarkson,32,UTA,SG,37,9,962,201,493,0.408,84,232,0.362,117,261,0.448,0.493,114,143,0.797,25,93,118,138,31,9,86,52,600,0,,,11000000
189,Cam Thomas,23,BRK,SG,25,23,781,199,454,0.438,68,195,0.349,131,259,0.506,0.513,133,151,0.881,15,68,83,94,15,2,62,44,599,0,,,6332520
195,Davion Mitchell,26,2TM,PG,74,37,2027,223,476,0.468,84,211,0.398,139,265,0.525,0.557,58,84,0.69,35,132,167,363,72,16,128,185,588,0,,,12362338
196,Bogdan Bogdanovi?,32,2TM,SG,54,4,1348,210,492,0.427,105,289,0.363,105,203,0.517,0.534,58,66,0.879,24,135,159,146,41,11,74,127,583,0,,,17991071
197,Mike Conley,37,MIN,PG,71,64,1756,187,468,0.4,127,310,0.41,60,158,0.38,0.535,81,90,0.9,32,150,182,319,79,14,75,111,582,0,,,11108880
199,Deandre Ayton,26,POR,C,40,40,1206,265,468,0.566,6,32,0.188,259,436,0.594,0.573,40,60,0.667,124,282,406,64,31,39,69,88,576,0,,,26643031
200,Luke Kennard,28,MEM,SG,65,11,1472,206,431,0.478,113,261,0.433,93,170,0.547,0.609,51,57,0.895,37,146,183,215,50,5,72,59,576,0,,,11499872
203,Brandon Miller,22,CHO,SF,27,27,924,198,491,0.403,104,293,0.355,94,198,0.475,0.509,68,79,0.861,25,106,131,98,29,20,76,74,568,0,,,12500000
205,Jalen Suggs,23,ORL,PG,35,35,1002,197,481,0.41,76,242,0.314,121,239,0.506,0.489,97,110,0.882,23,118,141,129,51,33,102,98,567,0,,,36566002
206,Ayo Dosunmu,25,CHI,SG,46,26,1394,221,449,0.492,62,189,0.328,159,260,0.612,0.561,62,79,0.785,26,135,161,208,43,18,69,105,566,1,,,7874853
207,Patrick Williams,23,CHI,PF,63,36,1576,205,516,0.397,96,272,0.353,109,244,0.447,0.49,60,83,0.723,43,194,237,124,48,32,86,88,566,0,,,18259259
208,Immanuel Quickley,25,TOR,PG,33,33,918,184,438,0.42,85,225,0.378,99,213,0.465,0.517,111,128,0.867,16,101,117,191,23,4,58,61,564,0,,,33654814
211,Dorian Finney-Smith,31,2TM,PF,63,40,1818,195,435,0.448,129,314,0.411,66,121,0.545,0.597,30,45,0.667,80,167,247,90,58,23,56,136,549,0,,,13197720
213,Dejounte Murray,28,NOP,PG,31,31,1012,194,494,0.393,52,174,0.299,142,320,0.444,0.445,102,124,0.823,17,183,200,228,63,12,106,61,542,1,,,32000001
215,Aaron Nesmith,25,IND,SF,45,37,1123,192,379,0.507,84,195,0.431,108,184,0.587,0.617,73,80,0.913,37,141,178,54,35,17,37,114,541,0,,,19418000
,A.J. Green,25,MIL,SG,73,7,1659,182,424,0.429,155,363,0.427,27,61,0.443,0.612,22,27,0.815,18,156,174,108,37,7,40,157,541,0,,,10044644
217,Al Horford,38,BOS,C,60,42,1659,195,461,0.423,114,314,0.363,81,147,0.551,0.547,34,38,0.895,79,290,369,128,36,51,46,81,538,0,,,6127080
218,Brandon Clarke,28,MEM,PF,64,18,1207,236,380,0.621,1,17,0.059,235,363,0.647,0.622,61,87,0.701,127,199,326,66,52,36,41,145,534,0,,,12954546
222,Nick Richards,27,2TM,C,57,43,1256,205,347,0.591,0,2,0,205,345,0.594,0.591,119,160,0.744,148,318,466,49,14,55,81,141,529,0,,,5480297
224,Jalen Smith,24,CHI,C,64,2,962,190,408,0.466,72,222,0.324,118,186,0.634,0.554,72,89,0.809,89,268,357,65,17,44,37,95,524,0,,,9560520
226,Ron Holland,19,DET,SF,81,2,1266,197,416,0.474,36,151,0.238,161,265,0.608,0.517,92,122,0.754,40,178,218,82,49,17,72,141,522,0,,,9000000
227,Terance Mann,28,2TM,SG,67,13,1414,205,413,0.496,60,163,0.368,145,250,0.58,0.569,47,68,0.691,68,131,199,121,47,15,47,128,517,0,,,16875000
229,Sam Merrill,28,CLE,SG,71,4,1401,172,424,0.406,137,368,0.372,35,56,0.625,0.567,28,29,0.966,38,119,157,108,53,14,35,124,509,0,,,9000000
230,Josh Green,24,CHO,SG,68,67,1887,180,421,0.428,97,248,0.391,83,173,0.48,0.543,49,72,0.681,56,116,172,108,74,15,70,165,506,0,,,13937574
231,Goga Bitadze,25,ORL,C,70,42,1430,207,339,0.611,3,28,0.107,204,311,0.656,0.615,85,133,0.639,167,296,463,137,49,98,72,150,502,0,,,8741209
235,Nikola Jovi?,21,MIA,PF,46,10,1156,172,377,0.456,78,210,0.371,94,167,0.563,0.56,72,87,0.828,26,154,180,131,38,13,60,82,494,0,,,16200000
236,Clint Capela,30,ATL,C,55,41,1176,218,390,0.559,0,1,0,218,389,0.56,0.559,52,97,0.536,174,295,469,62,34,53,47,106,488,0,,,7518518
237,Chet Holmgren,22,OKC,C,32,32,877,167,341,0.49,44,116,0.379,123,225,0.547,0.554,101,134,0.754,48,209,257,63,23,71,56,72,479,0,,,41500000
238,Haywood Highsmith,28,MIA,SF,74,42,1818,179,391,0.458,89,233,0.382,90,158,0.57,0.572,31,43,0.721,72,180,252,112,68,37,54,164,478,0,,,6045000
240,Kris Dunn,30,LAC,PG,74,58,1783,192,437,0.439,75,224,0.335,117,213,0.549,0.525,15,22,0.682,53,198,251,210,128,27,74,197,474,0,,,5820240
241,Max Strus,28,CLE,SF,50,37,1273,165,373,0.442,113,293,0.386,52,80,0.65,0.594,28,34,0.824,53,164,217,158,26,12,54,104,471,0,,,17500000
242,Jarace Walker,21,IND,PF,75,5,1187,170,360,0.472,75,185,0.405,95,175,0.543,0.576,46,69,0.667,25,204,229,110,54,25,78,115,461,0,,,7232143
243,Gabe Vincent,28,LAL,PG,72,11,1527,168,420,0.4,109,309,0.353,59,111,0.532,0.53,15,21,0.714,20,72,92,98,51,13,41,152,460,0,,,11808240
244,Jake LaRavia,23,2TM,PF,66,0,1349,160,337,0.475,60,142,0.423,100,195,0.513,0.564,78,115,0.678,90,169,259,158,62,23,86,132,458,0,,,6383525
245,Jusuf Nurki?,30,2TM,C,51,32,1063,168,352,0.477,32,105,0.305,136,247,0.551,0.523,85,128,0.664,85,313,398,115,40,34,97,130,453,0,,,20000000
246,Joel Embiid,30,PHI,C,19,19,574,140,315,0.444,23,77,0.299,117,238,0.492,0.481,149,169,0.882,36,119,155,85,14,18,62,42,452,1,,,55224526
251,Simone Fontecchio,29,DET,SF,75,0,1237,150,373,0.402,76,227,0.335,74,146,0.507,0.504,70,84,0.833,52,163,215,65,31,12,54,95,446,0,,,8657280
254,Luke Kornet,29,BOS,C,73,16,1361,187,280,0.668,0,3,0,187,277,0.675,0.668,67,97,0.691,190,198,388,117,36,71,31,119,441,0,,,11550000
255,Khris Middleton,33,2TM,SF,37,21,843,160,337,0.475,48,133,0.361,112,204,0.549,0.546,72,84,0.857,13,124,137,150,35,8,56,75,440,0,,,33944954
257,Donovan Clingan,20,POR,C,67,37,1324,180,334,0.539,14,49,0.286,166,285,0.582,0.56,62,104,0.596,217,310,527,77,34,110,72,189,436,0,,,7714286
258,Kenrich Williams,30,OKC,PF,69,7,1132,171,354,0.483,66,171,0.386,105,183,0.574,0.576,28,39,0.718,65,176,241,97,43,10,39,110,436,0,,,7707709
259,Isaiah Stewart,23,DET,C,72,4,1434,176,315,0.559,17,53,0.321,159,262,0.607,0.586,66,87,0.759,130,269,399,123,28,101,68,183,435,0,,,15500000
266,Zach Collins,27,2TM,PF,64,12,977,153,302,0.507,32,106,0.302,121,196,0.617,0.56,69,78,0.885,102,186,288,111,29,29,60,132,407,0,,,18485916
268,Brandon Ingram,27,NOP,SF,18,18,595,155,333,0.465,43,115,0.374,112,218,0.514,0.53,47,55,0.855,17,83,100,93,16,11,69,45,400,0,,,38095238
270,Day'Ron Sharpe,23,BRK,C,50,2,907,165,317,0.521,11,45,0.244,154,272,0.566,0.538,56,74,0.757,149,181,330,91,41,42,63,113,397,0,,,6670882
272,Moritz Wagner,27,ORL,C,30,1,564,140,249,0.562,27,75,0.36,113,174,0.649,0.616,79,110,0.718,40,108,148,42,24,12,49,55,386,0,,,5480297
274,Kelly Olynyk,33,2TM,C,44,22,891,134,268,0.5,33,79,0.418,101,189,0.534,0.562,83,108,0.769,62,144,206,128,33,19,76,123,384,0,,,13666667
276,Alex Caruso,30,OKC,SG,54,3,1041,140,314,0.446,60,170,0.353,80,144,0.556,0.541,42,51,0.824,38,121,159,137,87,30,37,102,382,0,6MOY-8,,18893980
277,Jonathan Isaac,27,ORL,PF,71,1,1090,134,324,0.414,39,151,0.258,95,173,0.549,0.474,73,107,0.682,120,194,314,40,61,80,33,90,380,0,,,15936452
283,Kyle Anderson,31,2TM,PF,61,4,1002,142,303,0.469,25,70,0.357,117,233,0.502,0.51,48,65,0.738,53,153,206,145,40,33,37,81,357,0,,,10000000
285,Caleb Martin,29,2TM,SF,45,24,1218,129,304,0.424,37,103,0.359,92,201,0.458,0.485,61,98,0.622,53,124,177,95,46,23,56,87,356,0,,,10107163
291,Kevon Looney,28,GSW,C,76,6,1142,143,278,0.514,2,5,0.4,141,273,0.516,0.518,56,99,0.566,185,277,462,118,46,37,39,154,344,0,,,8237640
296,Isaac Okoro,24,CLE,SG,55,22,1053,124,267,0.464,56,151,0.371,68,116,0.586,0.569,33,46,0.717,49,81,130,68,32,16,23,104,337,0,,,11500000
301,Tre Jones,25,2TM,PG,46,9,905,128,238,0.538,19,48,0.396,109,190,0.574,0.578,55,67,0.821,31,85,116,192,37,10,35,55,330,0,,,8307692
304,Dean Wade,28,CLE,PF,59,30,1252,112,271,0.413,80,222,0.36,32,49,0.653,0.561,16,30,0.533,51,198,249,76,42,20,22,101,320,0,,,7178400
308,Nicolas Batum,36,LAC,PF,78,8,1367,104,238,0.437,88,203,0.433,16,35,0.457,0.622,17,21,0.81,47,171,218,84,52,36,34,111,313,0,,,6016080
313,Marcus Smart,30,2TM,PG,34,7,680,101,257,0.393,49,141,0.348,52,116,0.448,0.488,54,71,0.761,18,54,72,109,39,9,54,53,305,0,,,15334769
315,Andre Drummond,31,PHI,C,40,23,751,117,234,0.5,3,20,0.15,114,214,0.533,0.506,56,90,0.622,109,201,310,34,39,18,55,94,293,0,,,5500000
322,Jaylin Williams,22,OKC,PF,47,9,784,97,221,0.439,61,153,0.399,36,68,0.529,0.577,23,30,0.767,48,214,262,120,22,29,35,79,278,3,,,8781000
326,Lonzo Ball,27,CHI,PG,35,14,777,89,243,0.366,67,195,0.344,22,48,0.458,0.504,22,27,0.815,25,93,118,115,47,17,41,55,267,0,,,10200000
346,Steven Adams,31,HOU,C,58,3,794,91,167,0.545,0,2,0,91,165,0.552,0.545,43,93,0.462,166,161,327,66,22,28,54,60,225,0,,,15000000
350,Pat Connaughton,32,MIL,SG,41,1,603,83,177,0.469,26,81,0.321,57,96,0.594,0.542,24,31,0.774,19,90,109,70,9,11,24,45,216,0,,,10044644
353,Herbert Jones,26,NOP,SF,20,20,648,75,172,0.436,22,72,0.306,53,100,0.53,0.5,33,40,0.825,22,56,78,65,37,9,35,66,205,0,,,14104000
365,Zeke Nnaji,24,DEN,PF,57,4,608,70,141,0.496,17,52,0.327,53,89,0.596,0.557,27,44,0.614,33,57,90,23,25,38,14,62,184,0,,,8399983
366,Paul Reed,25,DET,C,45,0,438,72,142,0.507,8,28,0.286,64,114,0.561,0.535,32,42,0.762,40,83,123,44,39,25,26,75,184,0,,,5685000
367,Tre Mann,23,CHO,PG,13,0,319,70,161,0.435,24,60,0.4,46,101,0.455,0.509,19,21,0.905,12,26,38,39,7,4,25,24,183,0,,,8333333
375,Grant Williams,26,CHO,PF,16,7,479,54,123,0.439,27,74,0.365,27,49,0.551,0.549,31,37,0.838,18,64,82,37,18,13,28,46,166,0,,,13825920
384,Jevon Carter,29,CHI,PG,36,1,321,55,146,0.377,35,105,0.333,20,41,0.488,0.497,8,10,0.8,4,35,39,40,13,3,11,15,153,0,,,7520040
392,Jarred Vanderbilt,25,LAL,PF,36,2,581,59,121,0.488,9,32,0.281,50,89,0.562,0.525,20,36,0.556,68,114,182,41,35,10,29,67,147,0,,,11990000
396,Ousmane Dieng,21,OKC,C,37,1,405,54,125,0.432,23,71,0.324,31,54,0.574,0.524,11,16,0.688,18,63,81,31,17,7,18,33,142,0,,,7275600
415,Robert Williams,27,POR,C,20,3,351,50,78,0.641,1,3,0.333,49,75,0.653,0.647,15,17,0.882,35,83,118,21,13,33,17,31,116,0,,,13445754
420,John Konchar,28,MEM,SG,46,4,558,41,91,0.451,23,62,0.371,18,29,0.621,0.577,7,8,0.875,37,114,151,42,30,14,16,32,112,0,,,6623456
421,Matisse Thybulle,27,POR,SG,15,5,312,42,88,0.477,21,48,0.438,21,40,0.525,0.597,7,15,0.467,14,38,52,28,33,9,13,14,112,0,,,11968800
433,Maxi Kleber,33,DAL,PF,34,4,637,37,96,0.385,13,49,0.265,24,47,0.511,0.453,16,21,0.762,25,70,95,43,9,17,23,66,103,0,,,11499872
440,Mitchell Robinson,26,NYK,C,17,3,290,37,56,0.661,0,0,,37,56,0.661,0.661,13,19,0.684,52,49,101,13,16,18,10,26,87,0,,,13376880
468,Dario ?ari?,30,DEN,C,16,4,210,21,58,0.362,7,26,0.269,14,32,0.438,0.422,7,10,0.7,14,36,50,23,7,1,15,19,56,0,,,5742480
490,Isaiah Jackson,23,IND,C,5,1,84,14,23,0.609,0,0,,14,23,0.609,0.609,7,14,0.5,11,17,28,5,3,8,5,14,35,0,,,8000000
,,,,,,,,,,,,,,,,,,,,,,,,,,,,,,,,,
,,,,,,,,,,,,,,,,,,,,,,,,,,,,,,,,,
,,,,,,,,,,,,,,,,,,,,,,,,,,,,,,,,,
,,,,,,,,,,,,,,,,,,,,,,,,,,,,,,,,,
,,,,,,,,,,,,,,,,,,,,,,,,,,,,,,,,,
,,,,,,,,,,,,,,,,,,,,,,,,,,,,,,,,,
,,,,,,,,,,,,,,,,,,,,,,,,,,,,,,,,,
,,,,,,,,,,,,,,,,,,,,,,,,,,,,,,,,,
,,,,,,,,,,,,,,,,,,,,,,,,,,,,,,,,,
,,,,,,,,,,,,,,,,,,,,,,,,,,,,,,,,,
,,,,,,,,,,,,,,,,,,,,,,,,,,,,,,,,,
,,,,,,,,,,,,,,,,,,,,,,,,,,,,,,,,,
,,,,,,,,,,,,,,,,,,,,,,,,,,,,,,,,,
,,,,,,,,,,,,,,,,,,,,,,,,,,,,,,,,,
,,,,,,,,,,,,,,,,,,,,,,,,,,,,,,,,,
,,,,,,,,,,,,,,,,,,,,,,,,,,,,,,,,,
,,,,,,,,,,,,,,,,,,,,,,,,,,,,,,,,,
,,,,,,,,,,,,,,,,,,,,,,,,,,,,,,,,,
