Rk,Player,Age,Team,Pos,G,GS,MP,FG,FGA,FG%,3P,3PA,3P%,2P,2PA,2P%,eFG%,FT,FTA,FT%,ORB,DRB,TRB,AST,STL,BLK,TOV,PF,PTS,Trp-Dbl,Awards,Salary
1,Shai Gilgeous-Alexander,26,OKC,PG,76,76,34.18421053,11.31578947,21.78947368,0.519,2.144736842,5.723684211,0.375,9.171052632,16.06578947,0.571,0.569,7.907894737,8.802631579,0.898,0.881578947,4.105263158,4.986842105,6.394736842,1.723684211,1.013157895,2.407894737,2.157894737,32.68421053,0,1,61005000
2,Anthony Edwards,23,MIN,SG,79,79,36.34177215,9.126582278,20.40506329,0.447,4.050632911,10.26582278,0.395,5.075949367,10.13924051,0.501,0.547,5.253164557,6.278481013,0.837,0.772151899,4.924050633,5.696202532,4.544303797,1.151898734,0.64556962,3.151898734,1.898734177,27.55696203,0,1,45550512
3,Nikola Joki?,29,DEN,C,70,70,36.72857143,11.22857143,19.48571429,0.576,1.971428571,4.728571429,0.417,9.257142857,14.75714286,0.627,0.627,5.157142857,6.442857143,0.8,2.857142857,9.885714286,12.74285714,10.22857143,1.814285714,0.642857143,3.285714286,2.285714286,29.58571429,34,1,55224526
4,Giannis Antetokounmpo,30,MIL,PF,67,67,34.1641791,11.8358209,19.68656716,0.601,0.208955224,0.940298507,0.222,11.62686567,18.74626866,0.62,0.607,6.507462687,10.55223881,0.617,2.194029851,9.71641791,11.91044776,6.462686567,0.865671642,1.164179104,3.074626866,2.313432836,30.3880597,11,1,54126450
5,Jayson Tatum,26,BOS,PF,72,72,36.44444444,9.194444444,20.34722222,0.452,3.472222222,10.11111111,0.343,5.722222222,10.23611111,0.559,0.537,4.972222222,6.111111111,0.814,0.666666667,7.986111111,8.652777778,5.986111111,1.055555556,0.527777778,2.902777778,2.180555556,26.83333333,2,1,54126450
6,Devin Booker,28,PHO,SG,75,75,37.26666667,8.72,18.93333333,0.461,2.44,7.346666667,0.332,6.28,11.58666667,0.542,0.525,5.76,6.44,0.894,1.013333333,3.053333333,4.066666667,7.053333333,0.893333333,0.213333333,2.933333333,2.64,25.64,0,0,53142264
7,Trae Young,26,ATL,PG,76,76,36.03947368,7.447368421,18.10526316,0.411,2.868421053,8.447368421,0.34,4.578947368,9.657894737,0.474,0.491,6.460526316,7.381578947,0.875,0.473684211,2.631578947,3.105263158,11.57894737,1.197368421,0.157894737,4.671052632,1.907894737,24.22368421,0,1,46394100
8,Tyler Herro,25,MIA,SG,77,77,35.38961039,8.454545455,17.8961039,0.472,3.25974026,8.701298701,0.375,5.194805195,9.194805195,0.565,0.563,3.727272727,4.246753247,0.878,0.454545455,4.727272727,5.181818182,5.506493506,0.896103896,0.220779221,2.571428571,1.103896104,23.8961039,0,1,32500000
9,Cade Cunningham,23,DET,PG,70,70,35.02857143,9.771428571,20.81428571,0.469,2.128571429,5.971428571,0.356,7.642857143,14.84285714,0.515,0.521,4.471428571,5.285714286,0.846,0.8,5.271428571,6.071428571,9.114285714,1.014285714,0.757142857,4.414285714,2.785714286,26.14285714,9,1,46394100
10,James Harden,35,LAC,PG,79,79,35.30379747,6.721518987,16.39240506,0.41,2.974683544,8.455696203,0.352,3.746835443,7.936708861,0.472,0.501,6.392405063,7.316455696,0.874,0.696202532,5.075949367,5.772151899,8.696202532,1.493670886,0.696202532,4.316455696,2.050632911,22.81012658,3,1,39182693
11,Karl-Anthony Towns,29,NYK,C,72,72,34.95833333,8.875,16.875,0.526,1.972222222,4.694444444,0.42,6.902777778,12.18055556,0.567,0.584,4.708333333,5.680555556,0.829,2.944444444,9.833333333,12.77777778,3.083333333,0.986111111,0.694444444,2.666666667,3.458333333,24.43055556,1,1,53142264
12,Zach LaVine,29,2TM,SG,74,74,35.16216216,8.445945946,16.52702703,0.511,3.22972973,7.243243243,0.446,5.216216216,9.283783784,0.562,0.609,3.175675676,3.851351351,0.825,0.297297297,3.959459459,4.256756757,4.189189189,0.783783784,0.162162162,2.810810811,1.635135135,23.2972973,0,0,47499660
13,Jalen Green,22,HOU,SG,82,82,32.8902439,7.414634146,17.52439024,0.423,2.853658537,8.06097561,0.354,4.56097561,9.463414634,0.482,0.505,3.329268293,4.097560976,0.813,0.548780488,4.048780488,4.597560976,3.43902439,0.865853659,0.329268293,2.475609756,1.548780488,21.01219512,0,0,34944001
14,Stephen Curry,36,GSW,PG,70,70,32.17142857,8.057142857,17.97142857,0.448,4.442857143,11.2,0.397,3.614285714,6.771428571,0.534,0.572,3.985714286,4.271428571,0.933,0.571428571,3.857142857,4.428571429,6.014285714,1.142857143,0.428571429,2.857142857,1.357142857,24.54285714,0,1,59606817
15,DeMar DeRozan,35,SAC,SF,77,77,35.94805195,8.103896104,16.98701299,0.477,1.090909091,3.324675325,0.328,7.012987013,13.66233766,0.513,0.509,4.909090909,5.727272727,0.857,0.649350649,3.220779221,3.87012987,4.441558442,0.805194805,0.415584416,1.363636364,1.948051948,22.20779221,0,0,25000000
16,LeBron James,40,LAL,SF,70,70,34.91428571,9.3,18.14285714,0.513,2.128571429,5.657142857,0.376,7.171428571,12.48571429,0.574,0.571,3.7,4.728571429,0.782,1.028571429,6.771428571,7.8,8.214285714,1,0.557142857,3.714285714,1.414285714,24.42857143,10,1,52627153
17,Donovan Mitchell,28,CLE,SG,71,71,31.43661972,8.23943662,18.5915493,0.443,3.281690141,8.915492958,0.368,4.957746479,9.676056338,0.512,0.531,4.197183099,5.098591549,0.823,0.802816901,3.732394366,4.535211268,4.985915493,1.338028169,0.23943662,2.098591549,1.971830986,23.95774648,0,1,46394100
18,Jalen Brunson,28,NYK,PG,65,65,35.4,9,18.46153846,0.488,2.338461538,6.107692308,0.383,6.661538462,12.35384615,0.539,0.551,5.661538462,6.892307692,0.821,0.415384615,2.461538462,2.876923077,7.307692308,0.923076923,0.123076923,2.523076923,2.123076923,26,0,1,35000000
19,Kevin Durant,36,PHO,PF,62,62,36.53225806,9.548387097,18.12903226,0.527,2.580645161,6,0.43,6.967741935,12.12903226,0.574,0.598,4.887096774,5.822580645,0.839,0.370967742,5.661290323,6.032258065,4.241935484,0.806451613,1.241935484,3.064516129,1.677419355,26.56451613,0,1,54708609
20,Jaren Jackson Jr.,25,MEM,C,74,74,29.82432432,8,16.39189189,0.488,1.972972973,5.256756757,0.375,6.027027027,11.13513514,0.541,0.548,4.202702703,5.378378378,0.781,1.22972973,4.405405405,5.635135135,2,1.243243243,1.527027027,2.067567568,3.472972973,22.17567568,0,1,49000000
21,Pascal Siakam,30,IND,PF,78,78,32.66666667,7.858974359,15.15384615,0.519,1.615384615,4.153846154,0.389,6.243589744,11,0.568,0.572,2.897435897,3.948717949,0.734,1.705128205,5.217948718,6.923076923,3.371794872,0.897435897,0.538461538,1.397435897,2.423076923,20.23076923,0,1,45550512
22,Darius Garland,25,CLE,PG,75,75,30.68,7.386666667,15.65333333,0.472,2.826666667,7.053333333,0.401,4.56,8.6,0.53,0.562,2.986666667,3.4,0.878,0.626666667,2.226666667,2.853333333,6.746666667,1.213333333,0.146666667,2.52,1.906666667,20.58666667,0,1,39446090
23,Coby White,24,CHI,SG,74,73,33.10810811,6.864864865,15.14864865,0.453,2.918918919,7.891891892,0.37,3.945945946,7.256756757,0.544,0.55,3.743243243,4.148648649,0.902,0.337837838,3.351351351,3.689189189,4.459459459,0.932432432,0.216216216,2.391891892,2.081081081,20.39189189,0,0,13285713
24,Jalen Williams,23,OKC,SG,69,69,32.42028986,8.188405797,16.92753623,0.484,1.797101449,4.927536232,0.365,6.391304348,12,0.533,0.537,3.420289855,4.333333333,0.789,0.855072464,4.492753623,5.347826087,5.130434783,1.608695652,0.666666667,2.173913043,2.289855072,21.5942029,0,1,41500000
25,Austin Reaves,26,LAL,SG,73,73,34.93150685,6.534246575,14.20547945,0.46,2.739726027,7.273972603,0.377,3.794520548,6.931506849,0.547,0.556,4.397260274,5.01369863,0.877,0.835616438,3.671232877,4.506849315,5.767123288,1.109589041,0.301369863,2.424657534,2.068493151,20.20547945,1,0,14000000
26,De'Aaron Fox,27,2TM,PG,62,62,36.14516129,8.693548387,18.75806452,0.463,1.903225806,6.14516129,0.31,6.790322581,12.61290323,0.538,0.514,4.241935484,5.129032258,0.827,0.870967742,3.935483871,4.806451613,6.322580645,1.467741935,0.403225806,2.806451613,2.64516129,23.53225806,0,0,49800000
,Alperen ?eng?,22,HOU,C,76,76,31.51315789,7.460526316,15.03947368,0.496,0.276315789,1.184210526,0.233,7.184210526,13.85526316,0.519,0.505,3.894736842,5.631578947,0.692,3.447368421,6.894736842,10.34210526,4.894736842,1.105263158,0.802631579,2.552631579,2.75,19.09210526,4,1,33944954
28,Franz Wagner,23,ORL,SF,60,60,33.71666667,8.95,19.35,0.463,1.733333333,5.866666667,0.295,7.216666667,13.48333333,0.535,0.507,4.516666667,5.183333333,0.871,0.933333333,4.766666667,5.7,4.733333333,1.25,0.35,2.3,2.45,24.15,0,0,38661750
29,Damian Lillard,34,MIL,PG,58,58,36.0862069,7.655172414,17.10344828,0.448,3.396551724,9.034482759,0.376,4.25862069,8.068965517,0.528,0.547,6.24137931,6.775862069,0.921,0.5,4.189655172,4.689655172,7.068965517,1.206896552,0.172413793,2.793103448,1.672413793,24.94827586,2,1,24570000
30,Mikal Bridges,28,NYK,SF,82,82,37.02439024,7.219512195,14.42682927,0.5,2,5.646341463,0.354,5.219512195,8.780487805,0.594,0.57,1.170731707,1.43902439,0.814,0.865853659,2.292682927,3.158536585,3.731707317,0.914634146,0.524390244,1.609756098,1.548780488,17.6097561,0,0,33482145
31,Jamal Murray,27,DEN,PG,67,67,36.08955224,7.925373134,16.73134328,0.474,2.328358209,5.925373134,0.393,5.597014925,10.80597015,0.518,0.543,3.253731343,3.671641791,0.886,0.671641791,3.223880597,3.895522388,6.014925373,1.358208955,0.492537313,2.059701493,1.910447761,21.43283582,0,0,46394100
32,Bam Adebayo,27,MIA,C,78,78,34.28205128,6.923076923,14.26923077,0.485,1.012820513,2.833333333,0.357,5.91025641,11.43589744,0.517,0.521,3.217948718,4.205128205,0.765,2.371794872,7.230769231,9.602564103,4.320512821,1.256410256,0.679487179,2.064102564,2.076923077,18.07692308,1,1,49800000
33,Luka Don?i?,25,2TM,PG,50,50,35.38,9.22,20.5,0.45,3.54,9.62,0.368,5.68,10.88,0.522,0.536,6.18,7.9,0.782,0.8,7.38,8.18,7.66,1.78,0.42,3.58,2.52,28.16,5,0,49800000
34,Jaylen Brown,28,BOS,SF,63,63,34.25396825,8.222222222,17.74603175,0.463,1.841269841,5.682539683,0.324,6.380952381,12.06349206,0.529,0.515,3.904761905,5.111111111,0.764,1.301587302,4.53968254,5.841269841,4.53968254,1.158730159,0.301587302,2.571428571,2.444444444,22.19047619,0,1,53142264
35,Michael Porter Jr.,26,DEN,SF,77,77,33.67532468,6.857142857,13.61038961,0.504,2.506493506,6.350649351,0.395,4.350649351,7.25974026,0.599,0.596,1.935064935,2.519480519,0.768,1.792207792,5.220779221,7.012987013,2.142857143,0.649350649,0.493506494,1.350649351,2.038961039,18.15584416,0,0,38333050
36,Jordan Poole,25,WAS,SG,68,68,29.42647059,6.720588235,15.54411765,0.432,3.455882353,9.147058824,0.378,3.264705882,6.397058824,0.51,0.544,3.558823529,4.029411765,0.883,0.455882353,2.529411765,2.985294118,4.455882353,1.264705882,0.397058824,3,2.955882353,20.45588235,0,0,33296296
37,Tyrese Maxey,24,PHI,PG,52,52,37.69230769,9.173076923,20.98076923,0.437,3.096153846,9.192307692,0.337,6.076923077,11.78846154,0.515,0.511,4.884615385,5.557692308,0.879,0.288461538,3.057692308,3.346153846,6.096153846,1.75,0.403846154,2.384615385,2.230769231,26.32692308,1,0,37958760
38,Tyrese Haliburton,24,IND,PG,73,73,33.57534247,6.520547945,13.78082192,0.473,2.98630137,7.698630137,0.388,3.534246575,6.082191781,0.581,0.582,2.589041096,3.04109589,0.851,0.575342466,2.95890411,3.534246575,9.219178082,1.438356164,0.671232877,1.643835616,1.260273973,18.61643836,0,0,45550512
,Nikola Vu?evi?,34,CHI,C,73,72,31.20547945,7.534246575,14.21917808,0.53,1.767123288,4.397260274,0.402,5.767123288,9.821917808,0.587,0.592,1.643835616,2.04109589,0.805,2.438356164,7.630136986,10.06849315,3.506849315,0.835616438,0.712328767,1.630136986,2.232876712,18.47945205,1,0,22841455
40,Anfernee Simons,25,POR,SG,70,70,32.74285714,6.842857143,16.07142857,0.426,3.071428571,8.471428571,0.363,3.771428571,7.6,0.496,0.521,2.5,2.771428571,0.902,0.357142857,2.342857143,2.7,4.814285714,0.857142857,0.071428571,2.042857143,1.671428571,19.25714286,0,0,28500000
41,Ivica Zubac,27,LAC,C,80,80,32.8,7.4,11.775,0.628,0,0,,7.4,11.775,0.628,0.628,1.95,2.95,0.661,3.75,8.875,12.625,2.675,0.6875,1.125,1.5875,2.1,16.75,1,0,19500000
42,Domantas Sabonis,28,SAC,C,70,70,34.7,7.528571429,12.75714286,0.59,0.928571429,2.228571429,0.417,6.6,10.52857143,0.627,0.627,3.114285714,4.128571429,0.754,3.814285714,10.07142857,13.88571429,6.042857143,0.685714286,0.371428571,2.885714286,3.271428571,19.1,10,0,42336000
44,Shaedon Sharpe,21,POR,SG,72,52,31.27777778,6.930555556,15.33333333,0.452,2.041666667,6.555555556,0.311,4.888888889,8.777777778,0.557,0.519,2.638888889,3.361111111,0.785,0.944444444,3.555555556,4.5,2.75,0.861111111,0.222222222,2.083333333,1.666666667,18.54166667,0,0,20089287
45,OG Anunoby,27,NYK,PF,74,74,36.56756757,6.608108108,13.87837838,0.476,2.310810811,6.216216216,0.372,4.297297297,7.662162162,0.561,0.559,2.472972973,3.054054054,0.81,1.310810811,3.527027027,4.837837838,2.216216216,1.486486486,0.878378378,1.378378378,2.324324324,18,0,0,39568966
46,Desmond Bane,26,MEM,SG,69,68,31.95652174,7.144927536,14.75362319,0.484,2.376811594,6.057971014,0.392,4.768115942,8.695652174,0.548,0.565,2.565217391,2.869565217,0.894,0.898550725,5.15942029,6.057971014,5.347826087,1.15942029,0.405797101,2.449275362,2.376811594,19.23188406,1,0,36725670
47,Evan Mobley,23,CLE,PF,71,71,30.52112676,7.112676056,12.76056338,0.557,1.197183099,3.23943662,0.37,5.915492958,9.521126761,0.621,0.604,3.112676056,4.295774648,0.725,2.309859155,6.971830986,9.281690141,3.183098592,0.85915493,1.591549296,2.042253521,1.985915493,18.53521127,0,1,46394100
48,Norman Powell,31,LAC,SG,60,60,32.63333333,7.616666667,15.75,0.484,2.983333333,7.133333333,0.418,4.633333333,8.616666667,0.538,0.578,3.55,4.416666667,0.804,0.35,2.816666667,3.166666667,2.083333333,1.216666667,0.15,1.8,1.9,21.76666667,0,0,21551724
49,Miles Bridges,26,CHO,PF,64,64,31.703125,7.328125,17.015625,0.431,2.203125,7.03125,0.313,5.125,9.984375,0.513,0.495,3.453125,3.96875,0.87,1.125,6.390625,7.515625,3.875,0.6875,0.703125,2.125,1.453125,20.3125,1,0,25318251
50,Julius Randle,30,MIN,PF,69,69,32.26086957,6.594202899,13.60869565,0.485,1.565217391,4.550724638,0.344,5.028985507,9.057971014,0.555,0.542,3.913043478,4.855072464,0.806,2.086956522,4.971014493,7.057971014,4.68115942,0.68115942,0.231884058,2.84057971,2.536231884,18.66666667,0,0,32400000
51,Anthony Davis,31,2TM,C,51,51,33.45098039,9.215686275,17.84313725,0.516,0.68627451,2.431372549,0.282,8.529411765,15.41176471,0.553,0.536,5.607843137,7.235294118,0.775,2.62745098,8.941176471,11.56862745,3.549019608,1.156862745,2.156862745,2.215686275,1.921568627,24.7254902,1,1,54126450
52,Scottie Barnes,23,TOR,PF,65,65,32.83076923,7.292307692,16.35384615,0.446,1.169230769,4.307692308,0.271,6.123076923,12.04615385,0.508,0.482,3.507692308,4.646153846,0.755,1.676923077,6.046153846,7.723076923,5.815384615,1.430769231,0.969230769,2.846153846,1.738461538,19.26153846,1,0,38661750
53,Derrick White,30,BOS,SG,76,76,33.86842105,5.578947368,12.61842105,0.442,3.486842105,9.092105263,0.384,2.092105263,3.526315789,0.593,0.58,1.776315789,2.118421053,0.839,0.881578947,3.605263158,4.486842105,4.75,0.947368421,1.052631579,1.723684211,1.815789474,16.42105263,0,0,30666666
54,Kyrie Irving,32,DAL,SG,50,50,36.08,8.94,18.9,0.473,2.88,7.18,0.401,6.06,11.72,0.517,0.549,3.92,4.28,0.916,1.2,3.6,4.8,4.62,1.32,0.46,2.22,2.02,24.68,0,1,36620603
55,RJ Barrett,24,TOR,SF,58,58,32.22413793,7.931034483,16.93103448,0.468,1.844827586,5.275862069,0.35,6.086206897,11.65517241,0.522,0.523,3.379310345,5.362068966,0.63,1.051724138,5.25862069,6.310344828,5.413793103,0.793103448,0.293103448,2.844827586,2.362068966,21.0862069,2,0,30000000
56,Deni Avdija,24,POR,SF,72,54,30.01388889,5.583333333,11.72222222,0.476,1.736111111,4.75,0.365,3.847222222,6.972222222,0.552,0.55,4.027777778,5.166666667,0.78,1.527777778,5.722222222,7.25,3.902777778,0.986111111,0.486111111,2.722222222,2.375,16.93055556,2,0,15000000
57,Christian Braun,23,DEN,SG,79,77,33.86075949,6.025316456,10.39240506,0.58,1.126582278,2.835443038,0.397,4.898734177,7.556962025,0.648,0.634,2.240506329,2.708860759,0.827,1.240506329,3.949367089,5.189873418,2.594936709,1.075949367,0.46835443,1.025316456,2.151898734,15.41772152,0,0,21551726
58,Paolo Banchero,22,ORL,PF,46,46,34.39130435,8.956521739,19.80434783,0.452,1.891304348,5.913043478,0.32,7.065217391,13.89130435,0.509,0.5,6.086956522,8.369565217,0.727,1.108695652,6.391304348,7.5,4.760869565,0.782608696,0.608695652,2.956521739,2.108695652,25.89130435,0,0,41500000
59,Stephon Castle,20,SAS,SG,81,47,26.69135802,5.222222222,12.19753086,0.428,1.172839506,4.111111111,0.285,4.049382716,8.086419753,0.501,0.476,3.074074074,4.24691358,0.724,1.098765432,2.567901235,3.666666667,4.098765432,0.913580247,0.271604938,2.185185185,2.024691358,14.69135802,0,0,10102803
60,LaMelo Ball,23,CHO,PG,47,47,32.0212766,8.638297872,21.34042553,0.405,3.808510638,11.23404255,0.339,4.829787234,10.10638298,0.478,0.494,4.106382979,4.872340426,0.843,1,3.936170213,4.936170213,7.361702128,1.14893617,0.276595745,3.553191489,3.340425532,25.19148936,0,0,40770520
61,CJ McCollum,33,NOP,PG,56,56,32.71428571,7.928571429,17.85714286,0.444,3.053571429,8.196428571,0.373,4.875,9.660714286,0.505,0.53,2.214285714,3.089285714,0.717,0.75,3.035714286,3.785714286,4.053571429,0.821428571,0.428571429,1.892857143,2.214285714,21.125,0,0,31000000
62,Ja Morant,25,MEM,PG,50,50,30.38,8.08,17.78,0.454,1.76,5.7,0.309,6.32,12.08,0.523,0.504,5.26,6.38,0.824,0.68,3.42,4.1,7.28,1.22,0.24,3.7,2.26,23.18,1,0,39446090
63,Collin Sexton,26,UTA,SG,63,61,27.9047619,6.603174603,13.76190476,0.48,1.746031746,4.301587302,0.406,4.857142857,9.46031746,0.513,0.543,3.444444444,3.984126984,0.865,0.952380952,1.761904762,2.714285714,4.19047619,0.746031746,0.095238095,2.53968254,2.285714286,18.3968254,0,0,19920855
64,Bennedict Mathurin,22,IND,SF,72,49,29.84722222,5.430555556,11.84722222,0.458,1.361111111,4,0.34,4.069444444,7.847222222,0.519,0.516,3.833333333,4.611111111,0.831,1.208333333,4.111111111,5.319444444,1.888888889,0.652777778,0.333333333,1.875,2.25,16.05555556,0,0,10000000
65,Payton Pritchard,27,BOS,PG,80,3,28.3875,5.1125,10.825,0.472,3.1875,7.825,0.407,1.925,3,0.642,0.62,0.8875,1.05,0.845,1.275,2.5625,3.8375,3.4875,0.875,0.175,1.0375,1.475,14.3,0,1,7863240
66,Naz Reid,25,MIN,C,80,17,27.5,5.325,11.5375,0.462,2.1875,5.775,0.379,3.1375,5.7625,0.544,0.556,1.3875,1.7875,0.776,1.15,4.85,6,2.2625,0.725,0.9,1.35,2.3625,14.225,0,1,23303571
68,Trey Murphy III,24,NOP,SF,53,51,34.98113208,7.188679245,15.83018868,0.454,2.981132075,8.264150943,0.361,4.20754717,7.566037736,0.556,0.548,3.849056604,4.339622642,0.887,0.886792453,4.169811321,5.056603774,3.547169811,1.056603774,0.735849057,1.943396226,2.113207547,21.20754717,0,0,25892857
69,Myles Turner,28,IND,C,72,72,30.19444444,5.416666667,11.26388889,0.481,2.166666667,5.472222222,0.396,3.25,5.791666667,0.561,0.577,2.555555556,3.305555556,0.773,1.25,5.291666667,6.541666667,1.541666667,0.75,2,1.708333333,2.541666667,15.55555556,0,0,26580000
70,Malik Monk,26,SAC,SG,65,45,31.6,6.338461538,14.44615385,0.439,2.138461538,6.584615385,0.325,4.2,7.861538462,0.534,0.513,2.369230769,2.738461538,0.865,0.461538462,3.307692308,3.769230769,5.569230769,0.938461538,0.584615385,2.446153846,2.430769231,17.18461538,0,0,19472240
72,Jarrett Allen,26,CLE,C,82,82,28,5.512195122,7.804878049,0.706,0,0.06097561,0,5.512195122,7.743902439,0.712,0.706,2.426829268,3.37804878,0.718,2.634146341,7.097560976,9.731707317,1.926829268,0.93902439,0.890243902,1.182926829,1.548780488,13.45121951,0,0,28000000
73,Quentin Grimes,24,2TM,SG,75,37,26.84,5.12,10.97333333,0.467,2.16,5.613333333,0.385,2.96,5.36,0.552,0.565,2.16,2.853333333,0.757,0.786666667,3.533333333,4.32,3.04,0.986666667,0.293333333,1.88,1.84,14.56,0,0,9069840
74,De'Andre Hunter,27,2TM,SF,64,9,27.1875,5.59375,11.90625,0.47,2.453125,6.0625,0.405,3.140625,5.84375,0.537,0.573,3.359375,3.96875,0.846,0.6875,3.34375,4.03125,1.4375,0.78125,0.203125,1.28125,2.421875,17,0,0,24737010
75,Andrew Wiggins,29,2TM,SF,60,60,30.7,6.266666667,13.98333333,0.448,2.166666667,5.8,0.374,4.1,8.183333333,0.501,0.526,3.266666667,4.283333333,0.763,1.483333333,3,4.483333333,2.633333333,1,0.833333333,1.65,1.683333333,17.96666667,0,1,30731707
76,Dyson Daniels,21,ATL,SG,76,76,33.82894737,5.986842105,12.14473684,0.493,1.052631579,3.092105263,0.34,4.934210526,9.052631579,0.545,0.536,1.092105263,1.842105263,0.593,1.631578947,4.276315789,5.907894737,4.381578947,3.013157895,0.723684211,2.039473684,2.302631579,14.11842105,0,0,25000000
77,Cameron Johnson,28,BRK,PF,57,57,31.57894737,6.228070175,13.10526316,0.475,2.789473684,7.157894737,0.39,3.438596491,5.947368421,0.578,0.582,3.526315789,3.947368421,0.893,0.947368421,3.385964912,4.333333333,3.403508772,0.929824561,0.438596491,1.736842105,1.824561404,18.77192982,0,0,21621500
78,Dillon Brooks,29,HOU,SF,75,75,31.84,5.12,11.93333333,0.429,2.48,6.253333333,0.397,2.64,5.68,0.465,0.533,1.32,1.613333333,0.818,1,2.666666667,3.666666667,1.706666667,0.8,0.213333333,1.013333333,3.226666667,14.04,0,0,22410605
79,Josh Hart,29,NYK,SG,77,77,37.62337662,5.246753247,10,0.525,1.090909091,3.272727273,0.333,4.155844156,6.727272727,0.618,0.579,2.064935065,2.662337662,0.776,2.090909091,7.480519481,9.571428571,5.883116883,1.545454545,0.350649351,2.051948052,2.61038961,13.64935065,9,0,21057065
80,Brook Lopez,36,MIL,C,80,80,31.825,4.925,9.675,0.509,1.7375,4.6625,0.373,3.1875,5.0125,0.636,0.599,1.425,1.725,0.826,1.4125,3.6,5.0125,1.7875,0.625,1.85,1.05,2.1375,13.0125,0,0,9187573
81,Devin Vassell,24,SAS,SG,64,53,30.984375,6.15625,13.890625,0.443,2.46875,6.703125,0.368,3.6875,7.1875,0.513,0.532,1.484375,1.875,0.792,0.53125,3.453125,3.984375,2.859375,1.3125,0.515625,1.375,1.6875,16.265625,0,0,28223215
82,Josh Giddey,22,CHI,PG,70,69,30.24285714,5.3,11.4,0.465,1.5,3.971428571,0.378,3.8,7.428571429,0.512,0.531,2.5,3.2,0.781,1.814285714,6.271428571,8.085714286,7.185714286,1.2,0.642857143,2.885714286,1.742857143,14.6,7,0,25352272
83,Harrison Barnes,32,SAS,PF,82,82,27.19512195,4.231707317,8.329268293,0.508,1.902439024,4.390243902,0.433,2.329268293,3.93902439,0.591,0.622,1.963414634,2.426829268,0.809,1.182926829,2.597560976,3.780487805,1.658536585,0.475609756,0.170731707,0.609756098,0.914634146,12.32926829,0,0,19920855
84,Klay Thompson,34,DAL,SF,72,72,27.29166667,5.013888889,12.18055556,0.412,3,7.680555556,0.391,2.013888889,4.5,0.448,0.535,0.930555556,1.027777778,0.905,0.611111111,2.805555556,3.416666667,2.013888889,0.694444444,0.416666667,1.222222222,1.125,13.95833333,0,0,18000000
85,Tobias Harris,32,DET,PF,73,73,31.57534247,5.260273973,11.02739726,0.477,1.246575342,3.616438356,0.345,4.01369863,7.410958904,0.542,0.534,1.95890411,2.273972603,0.861,0.890410959,5.02739726,5.917808219,2.219178082,1.01369863,0.780821918,1.164383562,1.890410959,13.7260274,0,0,27705357
86,Jaden McDaniels,24,MIN,PF,82,82,31.87804878,4.853658537,10.17073171,0.477,1.219512195,3.695121951,0.33,3.634146341,6.475609756,0.561,0.537,1.268292683,1.56097561,0.813,1.573170732,4.158536585,5.731707317,1.987804878,1.341463415,0.902439024,1.158536585,2.743902439,12.19512195,0,0,25000000
88,Onyeka Okongwu,24,ATL,C,74,40,27.89189189,5.243243243,9.243243243,0.567,0.648648649,2,0.324,4.594594595,7.243243243,0.634,0.602,2.216216216,2.918918919,0.759,2.972972973,5.945945946,8.918918919,2.27027027,0.932432432,0.918918919,1.216216216,2.608108108,13.35135135,0,0,16020000
89,Dennis Schr?er,31,3TM,PG,75,49,28.06666667,4.48,11.02666667,0.406,1.693333333,4.946666667,0.342,2.786666667,6.08,0.458,0.483,2.413333333,2.88,0.838,0.36,2.28,2.64,5.386666667,0.88,0.16,1.893333333,2.4,13.06666667,0,0,14375000
90,Keldon Johnson,25,SAS,SF,77,0,23.87012987,4.818181818,10,0.482,1.12987013,3.558441558,0.318,3.688311688,6.441558442,0.573,0.538,1.948051948,2.519480519,0.773,1.454545455,3.363636364,4.818181818,1.623376623,0.636363636,0.285714286,1,1.493506494,12.71428571,0,0,18102000
91,Amen Thompson,22,HOU,SF,69,42,32.24637681,5.623188406,10.10144928,0.557,0.362318841,1.31884058,0.275,5.260869565,8.782608696,0.599,0.575,2.449275362,3.579710145,0.684,2.782608696,5.391304348,8.173913043,3.84057971,1.405797101,1.289855072,2,2.420289855,14.05797101,3,0,10125000
92,Jimmy Butler,35,2TM,SF,55,55,31.74545455,5.472727273,10.85454545,0.504,0.581818182,1.890909091,0.308,4.890909091,8.963636364,0.546,0.531,6,7.127272727,0.842,2.272727273,3.109090909,5.381818182,5.418181818,1.4,0.327272727,1.345454545,0.945454545,17.52727273,3,0,54126450
93,Kyle Kuzma,29,2TM,PF,65,62,29.78461538,5.692307692,13.04615385,0.436,1.476923077,4.815384615,0.307,4.215384615,8.230769231,0.512,0.493,1.969230769,3.107692308,0.634,0.830769231,4.861538462,5.692307692,2.338461538,0.553846154,0.292307692,2.246153846,1.830769231,14.83076923,0,0,24393104
94,Keegan Murray,24,SAC,PF,76,76,34.34210526,4.789473684,10.78947368,0.444,2.026315789,5.907894737,0.343,2.763157895,4.881578947,0.566,0.538,0.789473684,0.947368421,0.833,1.921052632,4.75,6.671052632,1.434210526,0.802631579,0.907894737,0.789473684,2.447368421,12.39473684,0,0,24137936
95,Zaccharie Risacher,19,ATL,SF,75,73,24.57333333,4.76,10.38666667,0.458,1.626666667,4.586666667,0.355,3.133333333,5.8,0.54,0.537,1.413333333,1.986666667,0.711,1.146666667,2.426666667,3.573333333,1.226666667,0.693333333,0.493333333,1.226666667,1.986666667,12.56,0,0,13445122
97,Naji Marshall,27,DAL,SF,69,31,27.8115942,5.246376812,10.31884058,0.508,0.869565217,3.15942029,0.275,4.376811594,7.15942029,0.611,0.551,1.884057971,2.31884058,0.813,1.101449275,3.652173913,4.753623188,3.014492754,1.014492754,0.15942029,1.623188406,1.579710145,13.24637681,0,0,9594044
98,Aaron Wiggins,26,OKC,SG,76,26,22.94736842,4.671052632,9.578947368,0.488,1.710526316,4.460526316,0.383,2.960526316,5.118421053,0.578,0.577,0.973684211,1.171052632,0.831,1.065789474,2.815789474,3.881578947,1.763157895,0.789473684,0.236842105,0.907894737,1.328947368,12.02631579,0,0,10739683
99,Buddy Hield,32,GSW,SG,82,22,22.7195122,4,9.585365854,0.417,2.475609756,6.695121951,0.37,1.524390244,2.890243902,0.527,0.546,0.646341463,0.780487805,0.828,0.62195122,2.597560976,3.219512195,1.634146341,0.841463415,0.280487805,1.109756098,1.609756098,11.12195122,0,0,10015680
100,Kelly Oubre Jr.,29,PHI,SF,60,57,34.63333333,5.8,12.35,0.47,1.183333333,4.033333333,0.293,4.616666667,8.316666667,0.555,0.518,2.316666667,3.083333333,0.751,1.616666667,4.516666667,6.133333333,1.8,1.533333333,0.5,1.333333333,3,15.1,0,0,8750000
101,Bradley Beal,31,PHO,SG,53,38,32.11320755,6.509433962,13.09433962,0.497,1.924528302,4.981132075,0.386,4.58490566,8.113207547,0.565,0.571,2.075471698,2.58490566,0.803,0.641509434,2.698113208,3.339622642,3.679245283,1.094339623,0.528301887,1.867924528,2.566037736,17.01886792,0,0,20482758
102,Lauri Markkanen,27,UTA,PF,47,47,31.40425532,6.29787234,14.89361702,0.423,2.936170213,8.489361702,0.346,3.361702128,6.404255319,0.525,0.521,3.446808511,3.936170213,0.876,1.531914894,4.382978723,5.914893617,1.489361702,0.70212766,0.361702128,1.404255319,1.680851064,18.9787234,0,0,46394100
,Toumani Camara,24,POR,PF,78,78,32.66666667,4.205128205,9.179487179,0.458,1.730769231,4.615384615,0.375,2.474358974,4.564102564,0.542,0.552,1.166666667,1.615384615,0.722,2.217948718,3.551282051,5.769230769,2.243589744,1.487179487,0.641025641,1.397435897,2.948717949,11.30769231,0,0,18080358
104,Ty Jerome,27,CLE,SG,70,3,19.88571429,4.557142857,8.828571429,0.516,1.585714286,3.614285714,0.439,2.971428571,5.214285714,0.57,0.606,1.842857143,2.114285714,0.872,0.714285714,1.757142857,2.471428571,3.385714286,1.114285714,0.042857143,1.314285714,1.457142857,12.54285714,0,0,9219512
106,Alex Sarr,19,WAS,C,67,67,27.07462687,4.865671642,12.35820896,0.394,1.567164179,5.089552239,0.308,3.298507463,7.268656716,0.454,0.457,1.671641791,2.462686567,0.679,1.850746269,4.641791045,6.492537313,2.402985075,0.656716418,1.507462687,1.701492537,2.179104478,12.97014925,0,0,12370320
107,Rudy Gobert,32,MIN,C,72,72,33.16666667,4.736111111,7.083333333,0.669,0,0,,4.736111111,7.083333333,0.669,0.669,2.555555556,3.791666667,0.674,3.680555556,7.222222222,10.90277778,1.763888889,0.777777778,1.444444444,1.236111111,2.527777778,12.02777778,0,1,35000000
,Saddiq Bey,24,ATL,SF,63,51,32.73015873,4.603174603,11.06349206,0.416,1.793650794,5.682539683,0.316,2.80952381,5.380952381,0.522,0.497,2.698412698,3.222222222,0.837,2.650793651,3.873015873,6.523809524,1.46031746,0.80952381,0.174603175,0.857142857,1.396825397,13.6984127,0,0,6576120
109,Fred VanVleet,30,HOU,PG,60,60,35.18333333,4.783333333,12.65,0.378,2.65,7.683333333,0.345,2.133333333,4.966666667,0.43,0.483,1.85,2.283333333,0.81,0.533333333,3.15,3.683333333,5.55,1.566666667,0.416666667,1.45,2.333333333,14.06666667,0,0,25000000
110,Jonas Valan?i?nas,32,2TM,C,81,21,18.81481481,4.259259259,7.740740741,0.55,0.098765432,0.456790123,0.216,4.160493827,7.283950617,0.571,0.557,1.790123457,2.037037037,0.879,2.345679012,5.395061728,7.740740741,2.024691358,0.456790123,0.567901235,1.481481481,2.234567901,10.40740741,0,0,11000000
113,P.J. Washington,26,DAL,PF,57,56,32.19298246,5.280701754,11.66666667,0.453,1.596491228,4.192982456,0.381,3.684210526,7.473684211,0.493,0.521,2.50877193,3.473684211,0.722,1.438596491,6.315789474,7.754385965,2.298245614,1.105263158,1.052631579,2.070175439,2.298245614,14.66666667,0,0,19813044
114,Obi Toppin,26,IND,PF,79,4,19.55696203,4.012658228,7.582278481,0.529,1.392405063,3.810126582,0.365,2.620253165,3.772151899,0.695,0.621,1.126582278,1.443037975,0.781,0.708860759,3.316455696,4.025316456,1.620253165,0.582278481,0.35443038,0.860759494,1.367088608,10.5443038,0,0,14130434
115,Tyus Jones,28,PHO,PG,81,58,26.83950617,3.777777778,8.432098765,0.448,2.049382716,4.950617284,0.414,1.728395062,3.481481481,0.496,0.57,0.62962963,0.703703704,0.895,0.49382716,1.925925926,2.419753086,5.296296296,0.851851852,0.098765432,1.12345679,0.777777778,10.2345679,0,0,7680524
116,Jakob Poeltl,29,TOR,C,57,56,29.57894737,6.368421053,10.15789474,0.627,0.01754386,0.052631579,0.333,6.350877193,10.10526316,0.628,0.628,1.701754386,2.526315789,0.674,3.315789474,6.280701754,9.596491228,2.771929825,1.157894737,1.245614035,1.947368421,3.087719298,14.45614035,0,0,21124110
,Kristaps Porzi??is,29,BOS,C,42,42,28.80952381,6.595238095,13.66666667,0.483,2.452380952,5.952380952,0.412,4.142857143,7.714285714,0.537,0.572,3.833333333,4.738095238,0.809,1.619047619,5.142857143,6.761904762,2.071428571,0.738095238,1.5,1.261904762,2.761904762,19.47619048,0,0,30731707
120,Duncan Robinson,30,MIA,SF,74,37,24.12162162,3.918918919,8.959459459,0.437,2.567567568,6.527027027,0.393,1.351351351,2.432432432,0.556,0.581,0.635135135,0.716216216,0.887,0.243243243,2.013513514,2.256756757,2.378378378,0.540540541,0.081081081,1.162162162,1.824324324,11.04054054,0,0,18080496
122,Santi Aldama,24,MEM,PF,65,16,25.53846154,4.815384615,9.969230769,0.483,1.846153846,5.015384615,0.368,2.969230769,4.953846154,0.599,0.576,1,1.446153846,0.691,1.446153846,4.953846154,6.4,2.892307692,0.8,0.446153846,1.092307692,1.169230769,12.47692308,0,0,19375000
124,Kawhi Leonard,33,LAC,SF,37,37,31.89189189,8.378378378,16.83783784,0.498,2.108108108,5.135135135,0.411,6.27027027,11.7027027,0.536,0.56,2.648648649,3.27027027,0.81,0.945945946,4.972972973,5.918918919,3.135135135,1.594594595,0.459459459,1.945945946,1.513513514,21.51351351,0,0,50000000
125,Georges Niang,31,2TM,PF,79,3,21.48101266,3.620253165,7.848101266,0.461,2.101265823,5.17721519,0.406,1.518987342,2.670886076,0.569,0.595,0.582278481,0.734177215,0.793,0.594936709,2.848101266,3.443037975,1.405063291,0.35443038,0.17721519,1.037974684,2.544303797,9.924050633,0,0,8450704
126,Derrick Jones Jr.,27,LAC,SF,77,55,24.32467532,4.025974026,7.649350649,0.526,1.012987013,2.844155844,0.356,3.012987013,4.805194805,0.627,0.593,1.077922078,1.532467532,0.703,1.207792208,2.207792208,3.415584416,0.779220779,1.025974026,0.428571429,0.857142857,1.987012987,10.14285714,0,0,10395000
129,Caris LeVert,30,2TM,SG,64,3,24.9375,4.375,9.359375,0.467,1.65625,4.4375,0.373,2.71875,4.921875,0.552,0.556,1.71875,2.421875,0.71,0.640625,2.53125,3.171875,3.359375,0.890625,0.515625,1.1875,1.546875,12.125,0,0,14386320
130,Rui Hachimura,26,LAL,PF,59,57,31.6779661,4.966101695,9.762711864,0.509,1.728813559,4.186440678,0.413,3.237288136,5.576271186,0.581,0.597,1.474576271,1.915254237,0.77,1.338983051,3.661016949,5,1.406779661,0.762711864,0.440677966,0.830508475,1.779661017,13.13559322,0,0,19000000
131,Nickeil Alexander-Walker,26,MIN,SG,82,10,25.2804878,3.292682927,7.512195122,0.438,1.719512195,4.512195122,0.381,1.573170732,3,0.524,0.553,1.12195122,1.43902439,0.78,0.658536585,2.573170732,3.231707317,2.719512195,0.609756098,0.414634146,1.207317073,1.695121951,9.426829268,0,0,16666667
133,Kevin Porter Jr.,24,2TM,SG,75,4,19.76,3.906666667,8.693333333,0.449,0.733333333,2.36,0.311,3.173333333,6.333333333,0.501,0.492,1.733333333,2.253333333,0.769,0.56,3.146666667,3.706666667,3.413333333,1.08,0.173333333,1.813333333,1.586666667,10.28,1,0,5601600
134,Guerschon Yabusele,29,PHI,C,70,43,27.07142857,4.028571429,8.042857143,0.501,1.485714286,3.914285714,0.38,2.542857143,4.128571429,0.616,0.593,1.428571429,1.971428571,0.725,1.914285714,3.728571429,5.642857143,2.114285714,0.828571429,0.342857143,1.242857143,2.342857143,10.97142857,0,0,6000000
135,John Collins,27,UTA,PF,40,31,30.5,7,13.275,0.527,1.475,3.7,0.399,5.525,9.575,0.577,0.583,3.475,4.1,0.848,2.225,5.95,8.175,2,0.975,1,2.575,2.9,18.95,0,0,27678571
136,Isaiah Joe,25,OKC,SG,74,16,21.67567568,3.5,7.945945946,0.44,2.594594595,6.297297297,0.412,0.905405405,1.648648649,0.549,0.604,0.621621622,0.756756757,0.821,0.554054054,2.094594595,2.648648649,1.608108108,0.648648649,0.121621622,0.513513514,1.527027027,10.21621622,0,0,12947835
138,Max Christie,21,2TM,SG,78,36,27.26923077,3.230769231,7.564102564,0.427,1.474358974,4.025641026,0.366,1.756410256,3.538461538,0.496,0.525,1.666666667,1.948717949,0.855,0.487179487,2.820512821,3.307692308,1.871794872,0.820512821,0.397435897,1.128205128,1.474358974,9.602564103,0,0,8000000
139,Aaron Gordon,29,DEN,PF,51,42,28.37254902,5.176470588,9.745098039,0.531,1.470588235,3.37254902,0.436,3.705882353,6.37254902,0.582,0.607,2.843137255,3.509803922,0.81,1.568627451,3.274509804,4.843137255,3.215686275,0.450980392,0.274509804,1.431372549,1.607843137,14.66666667,0,0,33658037
141,Zion Williamson,24,NOP,PF,30,30,28.56666667,9.6,16.93333333,0.567,0.1,0.433333333,0.231,9.5,16.5,0.576,0.57,5.266666667,8.033333333,0.656,2.533333333,4.666666667,7.2,5.3,1.233333333,0.9,3,2.733333333,24.56666667,2,0,39446090
143,D'Angelo Russell,28,2TM,PG,58,36,25.51724138,4.293103448,11,0.39,1.948275862,6.206896552,0.314,2.344827586,4.793103448,0.489,0.479,2.086206897,2.5,0.834,0.344827586,2.448275862,2.793103448,5.120689655,0.965517241,0.396551724,1.862068966,1.982758621,12.62068966,0,0,6165000
144,Bilal Coulibaly,20,WAS,SF,59,59,33.01694915,4.457627119,10.57627119,0.421,1.06779661,3.796610169,0.281,3.389830508,6.779661017,0.5,0.472,2.338983051,3.13559322,0.746,1.542372881,3.440677966,4.983050847,3.372881356,1.322033898,0.694915254,2.118644068,2.355932203,12.3220339,1,0,7874853
145,Nic Claxton,25,BRK,C,70,62,26.88571429,4.571428571,8.114285714,0.563,0.071428571,0.3,0.238,4.5,7.814285714,0.576,0.568,1.128571429,2.2,0.513,2.242857143,5.114285714,7.357142857,2.242857143,0.885714286,1.428571429,1.242857143,2.142857143,10.34285714,0,0,26634146
146,Moses Moody,22,GSW,SG,74,34,22.28378378,3.324324324,7.675675676,0.433,1.702702703,4.554054054,0.374,1.621621622,3.121621622,0.519,0.544,1.432432432,1.797297297,0.797,0.702702703,1.851351351,2.554054054,1.297297297,0.797297297,0.418918919,0.72972973,1.567567568,9.783783784,0,0,12350392
147,Donte DiVincenzo,28,MIN,SG,62,10,25.90322581,4.032258065,9.564516129,0.422,2.806451613,7.064516129,0.397,1.225806452,2.5,0.49,0.568,0.790322581,1.016129032,0.778,0.516129032,3.161290323,3.677419355,3.629032258,1.177419355,0.274193548,1.596774194,1.838709677,11.66129032,0,0,12700000
149,T.J. McConnell,32,IND,PG,79,1,17.91139241,4.101265823,7.898734177,0.519,0.189873418,0.620253165,0.306,3.911392405,7.278481013,0.537,0.531,0.721518987,0.974683544,0.74,0.556962025,1.886075949,2.443037975,4.443037975,1.050632911,0.265822785,1.379746835,1,9.113924051,0,0,11000000
150,Luguentz Dort,25,OKC,SF,71,71,29.1971831,3.633802817,8.352112676,0.435,2.394366197,5.816901408,0.412,1.23943662,2.535211268,0.489,0.578,0.464788732,0.647887324,0.717,1.253521127,2.873239437,4.126760563,1.61971831,1.112676056,0.549295775,0.718309859,2.929577465,10.12676056,0,0,18975000
151,Jonathan Kuminga,22,GSW,PF,47,10,24.34042553,5.489361702,12.08510638,0.454,0.978723404,3.212765957,0.305,4.510638298,8.872340426,0.508,0.495,3.340425532,5,0.668,1.191489362,3.425531915,4.617021277,2.212765957,0.808510638,0.446808511,1.510638298,1.914893617,15.29787234,0,0,24900000
153,Corey Kispert,25,WAS,SF,61,0,26.26229508,4.180327869,9.262295082,0.451,1.967213115,5.409836066,0.364,2.213114754,3.852459016,0.574,0.558,1.229508197,1.442622951,0.852,0.590163934,2.37704918,2.967213115,1.68852459,0.426229508,0.229508197,1.049180328,1.606557377,11.55737705,0,0,14104000
154,Daniel Gafford,26,DAL,C,57,31,21.50877193,4.964912281,7.070175439,0.702,0,0,,4.964912281,7.070175439,0.702,0.702,2.368421053,3.438596491,0.689,2.719298246,4.087719298,6.807017544,1.403508772,0.403508772,1.789473684,1.157894737,2.666666667,12.29824561,0,0,15161800
155,Jabari Smith Jr.,21,HOU,PF,57,39,30.10526316,4.350877193,9.929824561,0.438,1.719298246,4.859649123,0.354,2.631578947,5.070175439,0.519,0.525,1.824561404,2.210526316,0.825,1.842105263,5.157894737,7,1.052631579,0.438596491,0.719298246,1.070175439,2.157894737,12.24561404,0,0,23643411
160,Jrue Holiday,34,BOS,PG,62,62,30.58064516,4.096774194,9.241935484,0.443,1.741935484,4.935483871,0.353,2.35483871,4.306451613,0.547,0.538,1.129032258,1.241935484,0.909,1.225806452,3.048387097,4.274193548,3.85483871,1.064516129,0.435483871,1.241935484,1.629032258,11.06451613,0,0,33654814
161,Kevin Huerter,26,2TM,SG,69,31,24.33333333,3.724637681,8.753623188,0.425,1.913043478,5.666666667,0.338,1.811594203,3.086956522,0.587,0.535,0.507246377,0.710144928,0.714,0.434782609,2.536231884,2.971014493,2.260869565,0.956521739,0.333333333,0.971014493,1.753623188,9.869565217,0,0,18222222
162,Grayson Allen,29,PHO,SG,64,7,24.125,3.421875,7.640625,0.448,2.328125,5.46875,0.426,1.09375,2.171875,0.504,0.6,1.453125,1.78125,0.816,0.53125,2.5,3.03125,2.140625,0.84375,0.296875,1.171875,1.484375,10.625,0,0,18102000
163,Jalen Johnson,23,ATL,SF,36,36,35.66666667,7.527777778,15.05555556,0.5,1.222222222,3.916666667,0.312,6.305555556,11.13888889,0.566,0.541,2.611111111,3.5,0.746,1.722222222,8.25,9.972222222,5.027777778,1.555555556,1,2.944444444,1.861111111,18.88888889,1,0,30864198
164,Royce O'Neale,31,PHO,SF,75,22,24.49333333,3.213333333,7.6,0.423,2.386666667,5.88,0.406,0.826666667,1.72,0.481,0.58,0.253333333,0.346666667,0.731,0.706666667,3.946666667,4.653333333,2.173333333,0.893333333,0.453333333,0.866666667,2.013333333,9.066666667,0,0,10850000
165,Bobby Portis,29,MIL,PF,49,7,25.3877551,5.653061224,12.14285714,0.466,1.326530612,3.632653061,0.365,4.326530612,8.510204082,0.508,0.52,1.244897959,1.489795918,0.836,1.836734694,6.551020408,8.387755102,2.12244898,0.714285714,0.530612245,1.163265306,1.918367347,13.87755102,0,0,13731368
166,Terry Rozier,30,MIA,PG,64,23,25.90625,3.875,9.921875,0.391,1.421875,4.8125,0.295,2.453125,5.109375,0.48,0.462,1.4375,1.6875,0.852,0.6875,3.03125,3.71875,2.609375,0.578125,0.21875,1.21875,1.140625,10.609375,0,0,28100000
167,Jerami Grant,30,POR,PF,47,47,32.42553191,4.553191489,12.21276596,0.373,2.29787234,6.29787234,0.365,2.255319149,5.914893617,0.381,0.467,3,3.531914894,0.849,0.553191489,2.914893617,3.468085106,2.14893617,0.872340426,0.978723404,1.382978723,2.319148936,14.40425532,0,0,33584499
168,Kentavious Caldwell-Pope,31,ORL,SG,77,77,29.5974026,3.103896104,7.064935065,0.439,1.467532468,4.285714286,0.342,1.636363636,2.779220779,0.589,0.543,1.064935065,1.233766234,0.863,0.428571429,1.766233766,2.194805195,1.766233766,1.285714286,0.441558442,0.805194805,1.766233766,8.74025974,0,0,23799569
169,Mark Williams,23,CHO,C,44,41,26.61363636,6.136363636,10.15909091,0.604,0,0.090909091,0,6.136363636,10.06818182,0.609,0.604,2.977272727,3.704545455,0.804,3,7.159090909,10.15909091,2.477272727,0.727272727,1.227272727,1.613636364,2.386363636,15.25,0,0,6700000
172,Paul George,34,PHI,PF,41,41,32.53658537,5.975609756,13.90243902,0.43,2.341463415,6.536585366,0.358,3.634146341,7.365853659,0.493,0.514,1.926829268,2.365853659,0.814,0.585365854,4.756097561,5.341463415,4.341463415,1.829268293,0.487804878,2.585365854,2.463414634,16.2195122,0,0,51666090
175,Andrew Nembhard,25,IND,SG,65,65,28.93846154,3.8,8.292307692,0.458,0.784615385,2.692307692,0.291,3.015384615,5.6,0.538,0.506,1.661538462,2.092307692,0.794,0.523076923,2.8,3.323076923,5.015384615,1.215384615,0.169230769,1.723076923,2.292307692,10.04615385,0,0,18797619
177,Isaiah Hartenstein,26,OKC,C,57,53,27.89473684,4.894736842,8.421052632,0.581,0,0.333333333,0,4.894736842,8.087719298,0.605,0.581,1.385964912,2.052631579,0.675,2.859649123,7.859649123,10.71929825,3.842105263,0.824561404,1.087719298,1.684210526,3,11.1754386,0,0,30801103
178,Ziaire Williams,23,BRK,SF,63,45,24.46031746,3.396825397,8.253968254,0.412,1.634920635,4.793650794,0.341,1.761904762,3.46031746,0.509,0.511,1.603174603,1.952380952,0.821,0.968253968,3.587301587,4.555555556,1.333333333,0.984126984,0.444444444,1.063492063,2.365079365,10.03174603,0,0,6665520
180,Wendell Carter Jr.,25,ORL,C,68,51,25.85294118,3.323529412,7.220588235,0.46,0.544117647,2.323529412,0.234,2.779411765,4.897058824,0.568,0.498,1.897058824,2.573529412,0.737,2.220588235,5.014705882,7.235294118,1.970588235,0.764705882,0.602941176,1.132352941,2.926470588,9.088235294,0,0,11144093
181,Jeremy Sochan,21,SAS,PF,54,23,25.25925926,4.648148148,8.685185185,0.535,0.518518519,1.685185185,0.308,4.12962963,7,0.59,0.565,1.611111111,2.314814815,0.696,2.351851852,4.166666667,6.518518519,2.37037037,0.833333333,0.5,1.555555556,2.425925926,11.42592593,0,0,7680524
183,Draymond Green,34,GSW,PF,68,66,29.16176471,3.176470588,7.485294118,0.424,1.176470588,3.617647059,0.325,2,3.867647059,0.517,0.503,1.485294118,2.161764706,0.687,1.088235294,5,6.088235294,5.632352941,1.455882353,1.029411765,2.558823529,3.220588235,9.014705882,1,1,27000000
186,Sam Hauser,27,BOS,PF,71,19,21.70422535,3.014084507,6.676056338,0.451,2.338028169,5.61971831,0.416,0.676056338,1.056338028,0.64,0.627,0.154929577,0.154929577,1,0.61971831,2.535211268,3.154929577,0.901408451,0.577464789,0.183098592,0.323943662,1.225352113,8.521126761,0,0,10739683
188,Jordan Clarkson,32,UTA,SG,37,9,26,5.432432432,13.32432432,0.408,2.27027027,6.27027027,0.362,3.162162162,7.054054054,0.448,0.493,3.081081081,3.864864865,0.797,0.675675676,2.513513514,3.189189189,3.72972973,0.837837838,0.243243243,2.324324324,1.405405405,16.21621622,0,0,11000000
189,Cam Thomas,23,BRK,SG,25,23,31.24,7.96,18.16,0.438,2.72,7.8,0.349,5.24,10.36,0.506,0.513,5.32,6.04,0.881,0.6,2.72,3.32,3.76,0.6,0.08,2.48,1.76,23.96,0,0,6332520
195,Davion Mitchell,26,2TM,PG,74,37,27.39189189,3.013513514,6.432432432,0.468,1.135135135,2.851351351,0.398,1.878378378,3.581081081,0.525,0.557,0.783783784,1.135135135,0.69,0.472972973,1.783783784,2.256756757,4.905405405,0.972972973,0.216216216,1.72972973,2.5,7.945945946,0,0,12362338
196,Bogdan Bogdanovi?,32,2TM,SG,54,4,24.96296296,3.888888889,9.111111111,0.427,1.944444444,5.351851852,0.363,1.944444444,3.759259259,0.517,0.534,1.074074074,1.222222222,0.879,0.444444444,2.5,2.944444444,2.703703704,0.759259259,0.203703704,1.37037037,2.351851852,10.7962963,0,0,17991071
197,Mike Conley,37,MIN,PG,71,64,24.73239437,2.633802817,6.591549296,0.4,1.788732394,4.366197183,0.41,0.845070423,2.225352113,0.38,0.535,1.14084507,1.267605634,0.9,0.450704225,2.112676056,2.563380282,4.492957746,1.112676056,0.197183099,1.056338028,1.563380282,8.197183099,0,0,11108880
199,Deandre Ayton,26,POR,C,40,40,30.15,6.625,11.7,0.566,0.15,0.8,0.188,6.475,10.9,0.594,0.573,1,1.5,0.667,3.1,7.05,10.15,1.6,0.775,0.975,1.725,2.2,14.4,0,0,26643031
200,Luke Kennard,28,MEM,SG,65,11,22.64615385,3.169230769,6.630769231,0.478,1.738461538,4.015384615,0.433,1.430769231,2.615384615,0.547,0.609,0.784615385,0.876923077,0.895,0.569230769,2.246153846,2.815384615,3.307692308,0.769230769,0.076923077,1.107692308,0.907692308,8.861538462,0,0,11499872
203,Brandon Miller,22,CHO,SF,27,27,34.22222222,7.333333333,18.18518519,0.403,3.851851852,10.85185185,0.355,3.481481481,7.333333333,0.475,0.509,2.518518519,2.925925926,0.861,0.925925926,3.925925926,4.851851852,3.62962963,1.074074074,0.740740741,2.814814815,2.740740741,21.03703704,0,0,12500000
205,Jalen Suggs,23,ORL,PG,35,35,28.62857143,5.628571429,13.74285714,0.41,2.171428571,6.914285714,0.314,3.457142857,6.828571429,0.506,0.489,2.771428571,3.142857143,0.882,0.657142857,3.371428571,4.028571429,3.685714286,1.457142857,0.942857143,2.914285714,2.8,16.2,0,0,36566002
206,Ayo Dosunmu,25,CHI,SG,46,26,30.30434783,4.804347826,9.760869565,0.492,1.347826087,4.108695652,0.328,3.456521739,5.652173913,0.612,0.561,1.347826087,1.717391304,0.785,0.565217391,2.934782609,3.5,4.52173913,0.934782609,0.391304348,1.5,2.282608696,12.30434783,1,0,7874853
207,Patrick Williams,23,CHI,PF,63,36,25.01587302,3.253968254,8.19047619,0.397,1.523809524,4.317460317,0.353,1.73015873,3.873015873,0.447,0.49,0.952380952,1.317460317,0.723,0.682539683,3.079365079,3.761904762,1.968253968,0.761904762,0.507936508,1.365079365,1.396825397,8.984126984,0,0,18259259
208,Immanuel Quickley,25,TOR,PG,33,33,27.81818182,5.575757576,13.27272727,0.42,2.575757576,6.818181818,0.378,3,6.454545455,0.465,0.517,3.363636364,3.878787879,0.867,0.484848485,3.060606061,3.545454545,5.787878788,0.696969697,0.121212121,1.757575758,1.848484848,17.09090909,0,0,33654814
211,Dorian Finney-Smith,31,2TM,PF,63,40,28.85714286,3.095238095,6.904761905,0.448,2.047619048,4.984126984,0.411,1.047619048,1.920634921,0.545,0.597,0.476190476,0.714285714,0.667,1.26984127,2.650793651,3.920634921,1.428571429,0.920634921,0.365079365,0.888888889,2.158730159,8.714285714,0,0,13197720
213,Dejounte Murray,28,NOP,PG,31,31,32.64516129,6.258064516,15.93548387,0.393,1.677419355,5.612903226,0.299,4.580645161,10.32258065,0.444,0.445,3.290322581,4,0.823,0.548387097,5.903225806,6.451612903,7.35483871,2.032258065,0.387096774,3.419354839,1.967741935,17.48387097,1,0,32000001
215,Aaron Nesmith,25,IND,SF,45,37,24.95555556,4.266666667,8.422222222,0.507,1.866666667,4.333333333,0.431,2.4,4.088888889,0.587,0.617,1.622222222,1.777777778,0.913,0.822222222,3.133333333,3.955555556,1.2,0.777777778,0.377777778,0.822222222,2.533333333,12.02222222,0,0,19418000
,A.J. Green,25,MIL,SG,73,7,22.7260274,2.493150685,5.808219178,0.429,2.123287671,4.97260274,0.427,0.369863014,0.835616438,0.443,0.612,0.301369863,0.369863014,0.815,0.246575342,2.136986301,2.383561644,1.479452055,0.506849315,0.095890411,0.547945205,2.150684932,7.410958904,0,0,10044644
217,Al Horford,38,BOS,C,60,42,27.65,3.25,7.683333333,0.423,1.9,5.233333333,0.363,1.35,2.45,0.551,0.547,0.566666667,0.633333333,0.895,1.316666667,4.833333333,6.15,2.133333333,0.6,0.85,0.766666667,1.35,8.966666667,0,0,6127080
218,Brandon Clarke,28,MEM,PF,64,18,18.859375,3.6875,5.9375,0.621,0.015625,0.265625,0.059,3.671875,5.671875,0.647,0.622,0.953125,1.359375,0.701,1.984375,3.109375,5.09375,1.03125,0.8125,0.5625,0.640625,2.265625,8.34375,0,0,12954546
222,Nick Richards,27,2TM,C,57,43,22.03508772,3.596491228,6.087719298,0.591,0,0.035087719,0,3.596491228,6.052631579,0.594,0.591,2.087719298,2.807017544,0.744,2.596491228,5.578947368,8.175438596,0.859649123,0.245614035,0.964912281,1.421052632,2.473684211,9.280701754,0,0,5480297
224,Jalen Smith,24,CHI,C,64,2,15.03125,2.96875,6.375,0.466,1.125,3.46875,0.324,1.84375,2.90625,0.634,0.554,1.125,1.390625,0.809,1.390625,4.1875,5.578125,1.015625,0.265625,0.6875,0.578125,1.484375,8.1875,0,0,9560520
226,Ron Holland,19,DET,SF,81,2,15.62962963,2.432098765,5.135802469,0.474,0.444444444,1.864197531,0.238,1.987654321,3.271604938,0.608,0.517,1.135802469,1.50617284,0.754,0.49382716,2.197530864,2.691358025,1.012345679,0.604938272,0.209876543,0.888888889,1.740740741,6.444444444,0,0,9000000
227,Terance Mann,28,2TM,SG,67,13,21.10447761,3.059701493,6.164179104,0.496,0.895522388,2.432835821,0.368,2.164179104,3.731343284,0.58,0.569,0.701492537,1.014925373,0.691,1.014925373,1.955223881,2.970149254,1.805970149,0.701492537,0.223880597,0.701492537,1.910447761,7.71641791,0,0,16875000
229,Sam Merrill,28,CLE,SG,71,4,19.73239437,2.422535211,5.971830986,0.406,1.929577465,5.183098592,0.372,0.492957746,0.788732394,0.625,0.567,0.394366197,0.408450704,0.966,0.535211268,1.676056338,2.211267606,1.521126761,0.746478873,0.197183099,0.492957746,1.746478873,7.169014085,0,0,9000000
230,Josh Green,24,CHO,SG,68,67,27.75,2.647058824,6.191176471,0.428,1.426470588,3.647058824,0.391,1.220588235,2.544117647,0.48,0.543,0.720588235,1.058823529,0.681,0.823529412,1.705882353,2.529411765,1.588235294,1.088235294,0.220588235,1.029411765,2.426470588,7.441176471,0,0,13937574
231,Goga Bitadze,25,ORL,C,70,42,20.42857143,2.957142857,4.842857143,0.611,0.042857143,0.4,0.107,2.914285714,4.442857143,0.656,0.615,1.214285714,1.9,0.639,2.385714286,4.228571429,6.614285714,1.957142857,0.7,1.4,1.028571429,2.142857143,7.171428571,0,0,8741209
235,Nikola Jovi?,21,MIA,PF,46,10,25.13043478,3.739130435,8.195652174,0.456,1.695652174,4.565217391,0.371,2.043478261,3.630434783,0.563,0.56,1.565217391,1.891304348,0.828,0.565217391,3.347826087,3.913043478,2.847826087,0.826086957,0.282608696,1.304347826,1.782608696,10.73913043,0,0,16200000
236,Clint Capela,30,ATL,C,55,41,21.38181818,3.963636364,7.090909091,0.559,0,0.018181818,0,3.963636364,7.072727273,0.56,0.559,0.945454545,1.763636364,0.536,3.163636364,5.363636364,8.527272727,1.127272727,0.618181818,0.963636364,0.854545455,1.927272727,8.872727273,0,0,7518518
237,Chet Holmgren,22,OKC,C,32,32,27.40625,5.21875,10.65625,0.49,1.375,3.625,0.379,3.84375,7.03125,0.547,0.554,3.15625,4.1875,0.754,1.5,6.53125,8.03125,1.96875,0.71875,2.21875,1.75,2.25,14.96875,0,0,41500000
238,Haywood Highsmith,28,MIA,SF,74,42,24.56756757,2.418918919,5.283783784,0.458,1.202702703,3.148648649,0.382,1.216216216,2.135135135,0.57,0.572,0.418918919,0.581081081,0.721,0.972972973,2.432432432,3.405405405,1.513513514,0.918918919,0.5,0.72972973,2.216216216,6.459459459,0,0,6045000
240,Kris Dunn,30,LAC,PG,74,58,24.09459459,2.594594595,5.905405405,0.439,1.013513514,3.027027027,0.335,1.581081081,2.878378378,0.549,0.525,0.202702703,0.297297297,0.682,0.716216216,2.675675676,3.391891892,2.837837838,1.72972973,0.364864865,1,2.662162162,6.405405405,0,0,5820240
241,Max Strus,28,CLE,SF,50,37,25.46,3.3,7.46,0.442,2.26,5.86,0.386,1.04,1.6,0.65,0.594,0.56,0.68,0.824,1.06,3.28,4.34,3.16,0.52,0.24,1.08,2.08,9.42,0,0,17500000
242,Jarace Walker,21,IND,PF,75,5,15.82666667,2.266666667,4.8,0.472,1,2.466666667,0.405,1.266666667,2.333333333,0.543,0.576,0.613333333,0.92,0.667,0.333333333,2.72,3.053333333,1.466666667,0.72,0.333333333,1.04,1.533333333,6.146666667,0,0,7232143
243,Gabe Vincent,28,LAL,PG,72,11,21.20833333,2.333333333,5.833333333,0.4,1.513888889,4.291666667,0.353,0.819444444,1.541666667,0.532,0.53,0.208333333,0.291666667,0.714,0.277777778,1,1.277777778,1.361111111,0.708333333,0.180555556,0.569444444,2.111111111,6.388888889,0,0,11808240
244,Jake LaRavia,23,2TM,PF,66,0,20.43939394,2.424242424,5.106060606,0.475,0.909090909,2.151515152,0.423,1.515151515,2.954545455,0.513,0.564,1.181818182,1.742424242,0.678,1.363636364,2.560606061,3.924242424,2.393939394,0.939393939,0.348484848,1.303030303,2,6.939393939,0,0,6383525
245,Jusuf Nurki?,30,2TM,C,51,32,20.84313725,3.294117647,6.901960784,0.477,0.62745098,2.058823529,0.305,2.666666667,4.843137255,0.551,0.523,1.666666667,2.509803922,0.664,1.666666667,6.137254902,7.803921569,2.254901961,0.784313725,0.666666667,1.901960784,2.549019608,8.882352941,0,0,20000000
246,Joel Embiid,30,PHI,C,19,19,30.21052632,7.368421053,16.57894737,0.444,1.210526316,4.052631579,0.299,6.157894737,12.52631579,0.492,0.481,7.842105263,8.894736842,0.882,1.894736842,6.263157895,8.157894737,4.473684211,0.736842105,0.947368421,3.263157895,2.210526316,23.78947368,1,0,55224526
251,Simone Fontecchio,29,DET,SF,75,0,16.49333333,2,4.973333333,0.402,1.013333333,3.026666667,0.335,0.986666667,1.946666667,0.507,0.504,0.933333333,1.12,0.833,0.693333333,2.173333333,2.866666667,0.866666667,0.413333333,0.16,0.72,1.266666667,5.946666667,0,0,8657280
254,Luke Kornet,29,BOS,C,73,16,18.64383562,2.561643836,3.835616438,0.668,0,0.04109589,0,2.561643836,3.794520548,0.675,0.668,0.917808219,1.328767123,0.691,2.602739726,2.712328767,5.315068493,1.602739726,0.493150685,0.97260274,0.424657534,1.630136986,6.04109589,0,0,11550000
255,Khris Middleton,33,2TM,SF,37,21,22.78378378,4.324324324,9.108108108,0.475,1.297297297,3.594594595,0.361,3.027027027,5.513513514,0.549,0.546,1.945945946,2.27027027,0.857,0.351351351,3.351351351,3.702702703,4.054054054,0.945945946,0.216216216,1.513513514,2.027027027,11.89189189,0,0,33944954
257,Donovan Clingan,20,POR,C,67,37,19.76119403,2.686567164,4.985074627,0.539,0.208955224,0.731343284,0.286,2.47761194,4.253731343,0.582,0.56,0.925373134,1.552238806,0.596,3.23880597,4.626865672,7.865671642,1.149253731,0.507462687,1.641791045,1.074626866,2.820895522,6.507462687,0,0,7714286
258,Kenrich Williams,30,OKC,PF,69,7,16.4057971,2.47826087,5.130434783,0.483,0.956521739,2.47826087,0.386,1.52173913,2.652173913,0.574,0.576,0.405797101,0.565217391,0.718,0.942028986,2.550724638,3.492753623,1.405797101,0.623188406,0.144927536,0.565217391,1.594202899,6.31884058,0,0,7707709
259,Isaiah Stewart,23,DET,C,72,4,19.91666667,2.444444444,4.375,0.559,0.236111111,0.736111111,0.321,2.208333333,3.638888889,0.607,0.586,0.916666667,1.208333333,0.759,1.805555556,3.736111111,5.541666667,1.708333333,0.388888889,1.402777778,0.944444444,2.541666667,6.041666667,0,0,15500000
266,Zach Collins,27,2TM,PF,64,12,15.265625,2.390625,4.71875,0.507,0.5,1.65625,0.302,1.890625,3.0625,0.617,0.56,1.078125,1.21875,0.885,1.59375,2.90625,4.5,1.734375,0.453125,0.453125,0.9375,2.0625,6.359375,0,0,18485916
268,Brandon Ingram,27,NOP,SF,18,18,33.05555556,8.611111111,18.5,0.465,2.388888889,6.388888889,0.374,6.222222222,12.11111111,0.514,0.53,2.611111111,3.055555556,0.855,0.944444444,4.611111111,5.555555556,5.166666667,0.888888889,0.611111111,3.833333333,2.5,22.22222222,0,0,38095238
270,Day'Ron Sharpe,23,BRK,C,50,2,18.14,3.3,6.34,0.521,0.22,0.9,0.244,3.08,5.44,0.566,0.538,1.12,1.48,0.757,2.98,3.62,6.6,1.82,0.82,0.84,1.26,2.26,7.94,0,0,6670882
272,Moritz Wagner,27,ORL,C,30,1,18.8,4.666666667,8.3,0.562,0.9,2.5,0.36,3.766666667,5.8,0.649,0.616,2.633333333,3.666666667,0.718,1.333333333,3.6,4.933333333,1.4,0.8,0.4,1.633333333,1.833333333,12.86666667,0,0,5480297
274,Kelly Olynyk,33,2TM,C,44,22,20.25,3.045454545,6.090909091,0.5,0.75,1.795454545,0.418,2.295454545,4.295454545,0.534,0.562,1.886363636,2.454545455,0.769,1.409090909,3.272727273,4.681818182,2.909090909,0.75,0.431818182,1.727272727,2.795454545,8.727272727,0,0,13666667
276,Alex Caruso,30,OKC,SG,54,3,19.27777778,2.592592593,5.814814815,0.446,1.111111111,3.148148148,0.353,1.481481481,2.666666667,0.556,0.541,0.777777778,0.944444444,0.824,0.703703704,2.240740741,2.944444444,2.537037037,1.611111111,0.555555556,0.685185185,1.888888889,7.074074074,0,0,18893980
277,Jonathan Isaac,27,ORL,PF,71,1,15.35211268,1.887323944,4.563380282,0.414,0.549295775,2.126760563,0.258,1.338028169,2.436619718,0.549,0.474,1.028169014,1.507042254,0.682,1.690140845,2.732394366,4.422535211,0.563380282,0.85915493,1.126760563,0.464788732,1.267605634,5.352112676,0,0,15936452
283,Kyle Anderson,31,2TM,PF,61,4,16.42622951,2.327868852,4.967213115,0.469,0.409836066,1.147540984,0.357,1.918032787,3.819672131,0.502,0.51,0.786885246,1.06557377,0.738,0.868852459,2.508196721,3.37704918,2.37704918,0.655737705,0.540983607,0.606557377,1.327868852,5.852459016,0,0,10000000
285,Caleb Martin,29,2TM,SF,45,24,27.06666667,2.866666667,6.755555556,0.424,0.822222222,2.288888889,0.359,2.044444444,4.466666667,0.458,0.485,1.355555556,2.177777778,0.622,1.177777778,2.755555556,3.933333333,2.111111111,1.022222222,0.511111111,1.244444444,1.933333333,7.911111111,0,0,10107163
291,Kevon Looney,28,GSW,C,76,6,15.02631579,1.881578947,3.657894737,0.514,0.026315789,0.065789474,0.4,1.855263158,3.592105263,0.516,0.518,0.736842105,1.302631579,0.566,2.434210526,3.644736842,6.078947368,1.552631579,0.605263158,0.486842105,0.513157895,2.026315789,4.526315789,0,0,8237640
296,Isaac Okoro,24,CLE,SG,55,22,19.14545455,2.254545455,4.854545455,0.464,1.018181818,2.745454545,0.371,1.236363636,2.109090909,0.586,0.569,0.6,0.836363636,0.717,0.890909091,1.472727273,2.363636364,1.236363636,0.581818182,0.290909091,0.418181818,1.890909091,6.127272727,0,0,11500000
301,Tre Jones,25,2TM,PG,46,9,19.67391304,2.782608696,5.173913043,0.538,0.413043478,1.043478261,0.396,2.369565217,4.130434783,0.574,0.578,1.195652174,1.456521739,0.821,0.673913043,1.847826087,2.52173913,4.173913043,0.804347826,0.217391304,0.760869565,1.195652174,7.173913043,0,0,8307692
304,Dean Wade,28,CLE,PF,59,30,21.22033898,1.898305085,4.593220339,0.413,1.355932203,3.762711864,0.36,0.542372881,0.830508475,0.653,0.561,0.271186441,0.508474576,0.533,0.86440678,3.355932203,4.220338983,1.288135593,0.711864407,0.338983051,0.372881356,1.711864407,5.423728814,0,0,7178400
308,Nicolas Batum,36,LAC,PF,78,8,17.52564103,1.333333333,3.051282051,0.437,1.128205128,2.602564103,0.433,0.205128205,0.448717949,0.457,0.622,0.217948718,0.269230769,0.81,0.602564103,2.192307692,2.794871795,1.076923077,0.666666667,0.461538462,0.435897436,1.423076923,4.012820513,0,0,6016080
313,Marcus Smart,30,2TM,PG,34,7,20,2.970588235,7.558823529,0.393,1.441176471,4.147058824,0.348,1.529411765,3.411764706,0.448,0.488,1.588235294,2.088235294,0.761,0.529411765,1.588235294,2.117647059,3.205882353,1.147058824,0.264705882,1.588235294,1.558823529,8.970588235,0,0,15334769
315,Andre Drummond,31,PHI,C,40,23,18.775,2.925,5.85,0.5,0.075,0.5,0.15,2.85,5.35,0.533,0.506,1.4,2.25,0.622,2.725,5.025,7.75,0.85,0.975,0.45,1.375,2.35,7.325,0,0,5500000
322,Jaylin Williams,22,OKC,PF,47,9,16.68085106,2.063829787,4.70212766,0.439,1.29787234,3.255319149,0.399,0.765957447,1.446808511,0.529,0.577,0.489361702,0.638297872,0.767,1.021276596,4.553191489,5.574468085,2.553191489,0.468085106,0.617021277,0.744680851,1.680851064,5.914893617,3,0,8781000
326,Lonzo Ball,27,CHI,PG,35,14,22.2,2.542857143,6.942857143,0.366,1.914285714,5.571428571,0.344,0.628571429,1.371428571,0.458,0.504,0.628571429,0.771428571,0.815,0.714285714,2.657142857,3.371428571,3.285714286,1.342857143,0.485714286,1.171428571,1.571428571,7.628571429,0,0,10200000
346,Steven Adams,31,HOU,C,58,3,13.68965517,1.568965517,2.879310345,0.545,0,0.034482759,0,1.568965517,2.844827586,0.552,0.545,0.74137931,1.603448276,0.462,2.862068966,2.775862069,5.637931034,1.137931034,0.379310345,0.482758621,0.931034483,1.034482759,3.879310345,0,0,15000000
350,Pat Connaughton,32,MIL,SG,41,1,14.70731707,2.024390244,4.317073171,0.469,0.634146341,1.975609756,0.321,1.390243902,2.341463415,0.594,0.542,0.585365854,0.756097561,0.774,0.463414634,2.195121951,2.658536585,1.707317073,0.219512195,0.268292683,0.585365854,1.097560976,5.268292683,0,0,10044644
353,Herbert Jones,26,NOP,SF,20,20,32.4,3.75,8.6,0.436,1.1,3.6,0.306,2.65,5,0.53,0.5,1.65,2,0.825,1.1,2.8,3.9,3.25,1.85,0.45,1.75,3.3,10.25,0,0,14104000
365,Zeke Nnaji,24,DEN,PF,57,4,10.66666667,1.228070175,2.473684211,0.496,0.298245614,0.912280702,0.327,0.929824561,1.561403509,0.596,0.557,0.473684211,0.771929825,0.614,0.578947368,1,1.578947368,0.403508772,0.438596491,0.666666667,0.245614035,1.087719298,3.228070175,0,0,8399983
366,Paul Reed,25,DET,C,45,0,9.733333333,1.6,3.155555556,0.507,0.177777778,0.622222222,0.286,1.422222222,2.533333333,0.561,0.535,0.711111111,0.933333333,0.762,0.888888889,1.844444444,2.733333333,0.977777778,0.866666667,0.555555556,0.577777778,1.666666667,4.088888889,0,0,5685000
367,Tre Mann,23,CHO,PG,13,0,24.53846154,5.384615385,12.38461538,0.435,1.846153846,4.615384615,0.4,3.538461538,7.769230769,0.455,0.509,1.461538462,1.615384615,0.905,0.923076923,2,2.923076923,3,0.538461538,0.307692308,1.923076923,1.846153846,14.07692308,0,0,8333333
375,Grant Williams,26,CHO,PF,16,7,29.9375,3.375,7.6875,0.439,1.6875,4.625,0.365,1.6875,3.0625,0.551,0.549,1.9375,2.3125,0.838,1.125,4,5.125,2.3125,1.125,0.8125,1.75,2.875,10.375,0,0,13825920
384,Jevon Carter,29,CHI,PG,36,1,8.916666667,1.527777778,4.055555556,0.377,0.972222222,2.916666667,0.333,0.555555556,1.138888889,0.488,0.497,0.222222222,0.277777778,0.8,0.111111111,0.972222222,1.083333333,1.111111111,0.361111111,0.083333333,0.305555556,0.416666667,4.25,0,0,7520040
392,Jarred Vanderbilt,25,LAL,PF,36,2,16.13888889,1.638888889,3.361111111,0.488,0.25,0.888888889,0.281,1.388888889,2.472222222,0.562,0.525,0.555555556,1,0.556,1.888888889,3.166666667,5.055555556,1.138888889,0.972222222,0.277777778,0.805555556,1.861111111,4.083333333,0,0,11990000
396,Ousmane Dieng,21,OKC,C,37,1,10.94594595,1.459459459,3.378378378,0.432,0.621621622,1.918918919,0.324,0.837837838,1.459459459,0.574,0.524,0.297297297,0.432432432,0.688,0.486486486,1.702702703,2.189189189,0.837837838,0.459459459,0.189189189,0.486486486,0.891891892,3.837837838,0,0,7275600
415,Robert Williams,27,POR,C,20,3,17.55,2.5,3.9,0.641,0.05,0.15,0.333,2.45,3.75,0.653,0.647,0.75,0.85,0.882,1.75,4.15,5.9,1.05,0.65,1.65,0.85,1.55,5.8,0,0,13445754
420,John Konchar,28,MEM,SG,46,4,12.13043478,0.891304348,1.97826087,0.451,0.5,1.347826087,0.371,0.391304348,0.630434783,0.621,0.577,0.152173913,0.173913043,0.875,0.804347826,2.47826087,3.282608696,0.913043478,0.652173913,0.304347826,0.347826087,0.695652174,2.434782609,0,0,6623456
421,Matisse Thybulle,27,POR,SG,15,5,20.8,2.8,5.866666667,0.477,1.4,3.2,0.438,1.4,2.666666667,0.525,0.597,0.466666667,1,0.467,0.933333333,2.533333333,3.466666667,1.866666667,2.2,0.6,0.866666667,0.933333333,7.466666667,0,0,11968800
433,Maxi Kleber,33,DAL,PF,34,4,18.73529412,1.088235294,2.823529412,0.385,0.382352941,1.441176471,0.265,0.705882353,1.382352941,0.511,0.453,0.470588235,0.617647059,0.762,0.735294118,2.058823529,2.794117647,1.264705882,0.264705882,0.5,0.676470588,1.941176471,3.029411765,0,0,11499872
440,Mitchell Robinson,26,NYK,C,17,3,17.05882353,2.176470588,3.294117647,0.661,0,0,,2.176470588,3.294117647,0.661,0.661,0.764705882,1.117647059,0.684,3.058823529,2.882352941,5.941176471,0.764705882,0.941176471,1.058823529,0.588235294,1.529411765,5.117647059,0,0,13376880
468,Dario ?ari?,30,DEN,C,16,4,13.125,1.3125,3.625,0.362,0.4375,1.625,0.269,0.875,2,0.438,0.422,0.4375,0.625,0.7,0.875,2.25,3.125,1.4375,0.4375,0.0625,0.9375,1.1875,3.5,0,0,5742480
490,Isaiah Jackson,23,IND,C,5,1,16.8,2.8,4.6,0.609,0,0,,2.8,4.6,0.609,0.609,1.4,2.8,0.5,2.2,3.4,5.6,1,0.6,1.6,1,2.8,7,0,0,8000000
