Player,Age,Team,Pos,G,GS,MP,PER,TS%,3PAr,FTr,ORB%,DRB%,TRB%,AST%,STL%,BLK%,TOV%,USG%,OWS,DWS,WS,WS/48,OBPM,DBPM,BPM,VORP,Awards
Shai Gilgeous-Alexander,26,OKC,PG,23,23,851,25.3,0.574,0.224,0.431,2.9,12.9,7.9,30.6,2.2,2.4,9.1,32.9,2.6,1.4,3.9,0.222,5.7,2.6,8.3,2.2,Finals MVP-1
Jalen Williams,23,OKC,SG,23,23,796,19.1,0.544,0.29,0.323,3.2,14.2,8.7,22.3,2,1.1,8.3,26.3,1.3,1.2,2.5,0.153,2.5,1.7,4.2,1.2,
Tyrese Haliburton,24,IND,PG,23,23,772,20,0.581,0.505,0.203,1.1,16.5,9.2,39.1,1.9,1.8,13.4,22.7,1.7,0.8,2.5,0.158,3.9,0.8,4.7,1.3,
Pascal Siakam,30,IND,PF,23,23,771,20.3,0.598,0.24,0.358,4.8,16.5,11,16.4,1.8,1.9,7.1,24.4,1.8,0.8,2.6,0.161,3.1,1.1,4.3,1.2,
Andrew Nembhard,25,IND,SG,23,23,769,12.9,0.59,0.386,0.206,2.2,8.5,5.6,19.7,2.2,0.6,14.7,16.4,0.8,0.6,1.5,0.091,-0.3,1.3,1,0.6,
Mikal Bridges,28,NYK,SF,18,18,706,12.3,0.518,0.319,0.061,3.2,10.2,6.6,11.7,2.1,2.4,12.3,19,0,0.7,0.7,0.045,-0.9,1.2,0.3,0.4,
OG Anunoby,27,NYK,PF,18,18,705,13.1,0.539,0.49,0.235,3.9,9.9,6.8,5.1,2.6,3.1,9.9,18.7,0.3,0.8,1.1,0.077,-0.1,1.2,1,0.5,
Chet Holmgren,22,OKC,C,23,23,686,18.1,0.565,0.342,0.365,6.6,25.1,15.8,4.8,1.2,6.3,8.3,20.8,0.9,1.4,2.3,0.161,0.9,1.5,2.4,0.8,
Jalen Brunson,28,NYK,PG,18,18,680,22.2,0.582,0.341,0.359,2,8.7,5.3,34,0.6,0.7,10.8,32.6,2.1,0.3,2.3,0.164,5.7,-0.8,4.9,1.2,
Myles Turner,28,IND,C,23,23,675,14.9,0.607,0.411,0.438,5.1,13.3,9.4,6.9,0.9,6.2,12.7,19.6,0.7,0.7,1.4,0.097,-0.4,1,0.6,0.4,
Luguentz Dort,25,OKC,SF,23,23,666,8.1,0.524,0.854,0.134,5.2,9.4,7.3,4,2.1,1.5,10.3,12.3,0.2,1,1.1,0.081,-2.3,1.4,-0.9,0.2,
Aaron Nesmith,25,IND,SF,23,23,650,14.3,0.639,0.575,0.17,5.1,17.4,11.6,5.8,1.5,2.5,9.2,17.1,1,0.7,1.7,0.125,0.8,1,1.7,0.6,
Josh Hart,29,NYK,SG,18,14,642,15.1,0.599,0.375,0.465,7.8,21,14.2,17.7,1.6,1.6,16.8,14.1,1.1,0.7,1.8,0.138,1.1,2.3,3.4,0.9,
Karl-Anthony Towns,29,NYK,C,18,18,639,19.1,0.589,0.26,0.34,6.7,31.6,18.9,6.3,1,1.9,10.9,25,1,0.8,1.9,0.142,1.6,-0.2,1.4,0.5,
Anthony Edwards,23,MIN,SG,15,15,585,20.2,0.564,0.436,0.299,3.6,19.5,11.7,23.7,1.5,1.9,10.4,27.9,1.1,0.7,1.9,0.154,4.8,1.2,6,1.2,
Jamal Murray,27,DEN,PG,14,14,578,15.1,0.555,0.384,0.224,1.7,11,6.4,21.1,1.5,1.7,13.8,23.8,0.4,0.4,0.8,0.065,1.9,0.2,2.1,0.6,
Nikola Jokić,29,DEN,C,14,14,563,24.7,0.587,0.265,0.377,5.7,28.6,17.3,35.6,2.5,1.9,15,28.2,1.3,0.8,2.1,0.181,6.9,3.8,10.7,1.8,
Alex Caruso,30,OKC,SG,23,0,562,15.1,0.598,0.563,0.244,3.3,8.8,6,12.6,3.9,2.3,9.7,14.8,0.9,1.1,2,0.169,0.4,4.7,5,1,
Christian Braun,23,DEN,SG,14,14,544,11.9,0.548,0.473,0.209,5.1,12.9,9,9.3,1.6,1.7,8,14,0.6,0.4,1,0.086,0.2,0.8,1,0.4,
Julius Randle,30,MIN,PF,15,15,533,18.9,0.622,0.341,0.328,6,13.2,9.6,22.9,1.1,0.4,15.8,25.3,1.2,0.5,1.7,0.152,3.4,0.8,4.2,0.8,
Aaron Gordon,29,DEN,PF,14,14,522,15.8,0.601,0.347,0.299,10.6,11.6,11.1,11.4,0.8,0.9,12.1,17.8,1,0.2,1.3,0.116,3.1,-0.9,2.2,0.5,
Isaiah Hartenstein,26,OKC,C,23,20,516,18.3,0.632,0,0.224,13.2,23.4,18.2,14.3,1.8,2.3,15.5,14.3,1.1,1,2.1,0.199,0.9,2.6,3.5,0.7,
Cason Wallace,21,OKC,SG,23,3,516,10.8,0.52,0.521,0.076,4.8,8.1,6.4,12.4,3,1.9,11.5,11.4,0.3,0.8,1.2,0.111,-1.7,3.7,2,0.5,
Jaden McDaniels,24,MIN,PF,15,15,497,15.6,0.607,0.325,0.166,6.4,13.2,9.8,7.2,1.9,2.6,9,17.4,0.9,0.6,1.5,0.143,0.6,2,2.6,0.6,
Obi Toppin,26,IND,PF,23,0,440,14.3,0.578,0.456,0.211,3.6,18.7,11.6,10.4,1.7,1.7,11.4,21.2,0.2,0.5,0.7,0.076,0.1,0.3,0.4,0.3,
Michael Porter Jr.,26,DEN,SF,14,14,435,8.2,0.507,0.583,0.117,3.6,15.6,9.7,3,1,1.3,9.3,13.8,0,0.3,0.2,0.025,-1.1,-1.1,-2.2,0,
Derrick White,30,BOS,SG,11,11,415,18.8,0.636,0.707,0.245,3.9,11,7.6,15.8,0.9,2.7,7.4,19.3,1.3,0.5,1.8,0.208,5.1,1.4,6.6,0.9,
Rudy Gobert,32,MIN,C,15,15,411,14.4,0.584,0,0.633,13.5,22.9,18.3,3.8,1,4.3,11.4,12,0.6,0.6,1.2,0.138,-0.8,0.4,-0.3,0.2,
T.J. McConnell,32,IND,PG,23,0,402,19,0.583,0.109,0.154,3.7,17.2,10.8,38,2.4,0.5,19.1,25.4,0.4,0.5,0.9,0.103,1.3,1.3,2.6,0.5,
Jaylen Brown,28,BOS,SF,11,11,402,16.1,0.542,0.323,0.338,3.8,17.6,10.9,19.7,1.4,0.7,14.8,29.9,0.1,0.6,0.7,0.083,-0.1,0.3,0.2,0.2,
Jimmy Butler,35,GSW,SF,11,11,397,20.7,0.564,0.237,0.526,7.1,14.2,10.5,24.1,1.8,0.7,6.5,22.2,1.2,0.4,1.6,0.191,3.8,1.3,5.1,0.7,
Draymond Green,34,GSW,PF,12,12,389,7.8,0.479,0.556,0.12,2.5,17.5,9.6,17.9,2.2,2.6,24,17,-0.6,0.5,-0.1,-0.009,-4.3,1.8,-2.5,0,
Bennedict Mathurin,22,IND,SF,22,0,385,18.5,0.628,0.405,0.696,8.3,13.4,11,7.4,1.1,1.7,11.9,25.2,0.9,0.3,1.2,0.152,1.6,-0.2,1.4,0.3,
Brandin Podziemski,21,GSW,SG,12,11,385,10.6,0.473,0.508,0.182,4.5,13.7,8.9,15,2,0.5,11.2,18.4,-0.1,0.4,0.3,0.036,-1.2,0.2,-1.1,0.1,
Donte DiVincenzo,28,MIN,SG,15,0,377,9.8,0.493,0.698,0.103,3.8,10.4,7.1,18.9,2.8,1.1,17.5,18.4,-0.1,0.5,0.4,0.046,-2.1,1.5,-0.5,0.1,
Naz Reid,25,MIN,C,15,0,375,13.8,0.645,0.573,0.227,5,16.9,11,9.9,1.5,3.7,18.8,17.2,0.3,0.5,0.8,0.107,0.3,2.2,2.5,0.4,
Mitchell Robinson,26,NYK,C,18,4,370,15.3,0.555,0,1.098,20.5,19.2,19.9,2.6,2.3,3.8,14.7,10.4,0.5,0.5,1.1,0.138,0,0.2,0.2,0.2,
Mike Conley,37,MIN,PG,15,15,356,8.9,0.442,0.625,0.135,4,10.3,7.2,19,1.3,0.8,10.6,13.8,0.2,0.3,0.5,0.061,-2,0.1,-1.9,0,
Al Horford,38,BOS,C,11,9,348,12.3,0.586,0.486,0.097,6,15,10.7,8.7,1.1,3.7,8.5,10.8,0.5,0.5,1.1,0.145,0.3,2.4,2.7,0.4,
Miles McBride,24,NYK,SG,18,0,341,7.7,0.533,0.656,0.189,1,6.2,3.6,7.4,1.2,0.6,10.1,13.8,0.1,0.2,0.3,0.04,-1.9,0.1,-1.8,0,
Buddy Hield,32,GSW,SG,12,9,327,14.7,0.572,0.616,0.112,6,8.8,7.3,10.6,2.2,1.4,9,19.4,0.4,0.3,0.7,0.105,2.2,1.1,3.3,0.4,
Jayson Tatum,26,BOS,PF,8,8,322,24.1,0.566,0.446,0.309,3.3,28,16,25.3,2.8,1.7,11.6,31.9,0.6,0.8,1.4,0.202,5.4,3.2,8.6,0.9,
Russell Westbrook,36,DEN,PG,13,0,313,11,0.505,0.474,0.301,6.7,10,8.4,17.4,1.9,0.3,16.6,25,-0.2,0.2,0,-0.001,-1.2,-0.8,-2,0,
Nickeil Alexander-Walker,26,MIN,SG,15,0,310,9.5,0.519,0.558,0.15,3,7,5.1,16.6,1,1.6,16,20.1,0,0.2,0.2,0.028,-1.2,-0.2,-1.4,0,
Aaron Wiggins,26,OKC,SG,22,0,303,11.8,0.522,0.58,0.143,5,13,9,9.5,1.6,2,11.8,20.1,0,0.4,0.4,0.071,-0.5,0.6,0.1,0.2,
Payton Pritchard,27,BOS,PG,11,0,302,13.4,0.615,0.677,0.172,3.5,5.8,4.6,9.2,1,0,7.8,17.5,0.6,0.3,0.9,0.137,1.5,-0.6,0.9,0.2,
Ben Sheppard,23,IND,SG,21,0,293,6.4,0.635,0.745,0.078,3.3,11.6,7.7,3.6,1.3,0.3,17.3,9.6,0.1,0.2,0.3,0.047,-3,0.5,-2.5,0,
Donovan Mitchell,28,CLE,SG,9,9,288,27.5,0.57,0.433,0.459,4.2,12.7,8.3,22,2.9,1.1,6.8,37.2,1,0.4,1.4,0.228,6.5,1.4,7.9,0.7,
Stephen Curry,36,GSW,PG,8,8,281,20,0.636,0.615,0.215,0.8,17,8.5,26.7,1.5,2,15.9,26.6,0.5,0.3,0.8,0.131,5.4,1,6.4,0.6,
Fred VanVleet,30,HOU,PG,7,7,280,16,0.632,0.667,0.258,1.2,10.2,5.8,17.8,1.3,0.8,11.2,18.4,0.7,0.2,0.9,0.158,1.9,1.2,3.2,0.4,
James Harden,35,LAC,PG,7,7,276,18.6,0.567,0.436,0.327,1.7,14.7,8.1,33.8,1.7,2.2,15.4,22.9,0.5,0.2,0.7,0.122,2.5,1.5,4.1,0.4,
Kawhi Leonard,33,LAC,SF,7,7,265,24.3,0.63,0.301,0.293,4.8,19,11.8,20.9,1.6,1.6,9.8,26.9,0.8,0.2,1,0.185,5,2.1,7,0.6,
Jrue Holiday,34,BOS,PG,8,8,264,10.8,0.578,0.433,0.217,5.3,8.6,7,18.7,1.4,0.3,19.6,14.1,0.2,0.3,0.6,0.1,-1.6,1.5,-0.1,0.1,
Jarrett Allen,26,CLE,C,9,9,261,22.4,0.792,0,0.574,8.8,24.9,16.6,6.7,2.5,3.1,18.2,15.3,0.9,0.4,1.3,0.239,2.4,2.2,4.7,0.4,
Evan Mobley,23,CLE,PF,8,8,257,22.7,0.699,0.356,0.287,9,20.2,14.4,7.7,1.7,3.2,10.1,18.2,0.9,0.4,1.2,0.232,4.7,0.9,5.7,0.5,
Alperen Şengün,22,HOU,C,7,7,256,20.8,0.491,0.061,0.305,9.2,26.5,18,27,2.6,1.3,9.2,28.3,0.3,0.4,0.7,0.139,2.3,2.4,4.7,0.4,
Ivica Zubac,27,LAC,C,7,7,256,20.9,0.653,0,0.317,12.2,20.6,16.3,9.9,1,2.4,10.5,18.9,0.7,0.2,0.9,0.169,1.4,0.7,2.1,0.3,
Max Strus,28,CLE,SF,9,9,253,16.2,0.573,0.753,0.067,7,16.3,11.5,19.6,1.2,0.8,7.1,16.7,0.7,0.2,0.9,0.176,3.2,1,4.2,0.4,
Cade Cunningham,23,DET,PG,6,6,248,17.5,0.509,0.217,0.326,2.9,19.6,11.5,37.9,2.2,2.7,17.8,31.2,-0.1,0.4,0.3,0.061,1.1,2,3.1,0.3,
Norman Powell,31,LAC,SG,7,7,238,13,0.578,0.449,0.202,0.5,8,4.2,10.7,1.7,0.7,11,21.2,0.1,0.1,0.2,0.047,-1.1,0.1,-1,0.1,
Tobias Harris,32,DET,PF,6,6,233,14,0.602,0.324,0.225,4.1,18,11.3,2,1.3,2.5,7.1,15.5,0.3,0.3,0.6,0.132,0.4,1.6,2,0.2,
Kristaps Porziņģis,29,BOS,C,11,7,231,11.3,0.43,0.329,0.57,10.6,14.1,12.4,5.3,2.3,3.6,9.2,21.5,-0.2,0.4,0.3,0.054,-3.2,-0.9,-4,-0.1,
Amen Thompson,22,HOU,SF,7,7,231,19.3,0.545,0.047,0.424,9.3,13.7,11.5,17.1,2.7,2.9,10.6,21.6,0.4,0.3,0.7,0.148,1.5,2.2,3.7,0.3,
Jalen Green,22,HOU,SG,7,7,219,11.6,0.482,0.512,0.279,1.5,17.5,9.6,14.8,0.9,1,9.4,21.5,0,0.2,0.2,0.045,-1.1,-0.5,-1.5,0,
Isaiah Joe,25,OKC,SG,21,0,211,17.4,0.676,0.767,0.192,3.6,11.4,7.5,9.8,1.6,0.9,8.1,17.3,0.6,0.3,0.8,0.192,3.5,2.1,5.6,0.4,
Luka Dončić,25,LAL,PG,5,5,208,21.5,0.608,0.442,0.442,1.1,18,9.8,28.2,1.3,1.4,13.9,32.4,0.5,0.1,0.6,0.136,4.8,0.5,5.3,0.4,
Dillon Brooks,29,HOU,SF,7,7,206,11.7,0.585,0.46,0.381,4.9,6.9,5.9,6.9,1.3,1.1,10.9,17.7,0.3,0.1,0.4,0.1,-2.1,0.4,-1.7,0,
LeBron James,40,LAL,SF,5,5,204,25.5,0.601,0.318,0.455,7,18.3,12.8,26.9,2.6,4.3,11,27.2,0.6,0.2,0.8,0.198,6.9,2.7,9.5,0.6,
Jalen Duren,21,DET,C,6,6,203,19,0.708,0,0.575,15.2,20.7,18.1,16,0.5,4.1,16.6,12.8,0.6,0.3,0.9,0.216,1.6,2.5,4.2,0.3,
Peyton Watson,22,DEN,SF,14,0,199,11.1,0.477,0.322,0.271,7.8,14.6,11.3,3,2.8,4.1,10.8,16.1,-0.1,0.3,0.2,0.039,-1.6,1.5,-0.1,0.1,
Paolo Banchero,22,ORL,PF,5,5,197,20.3,0.517,0.218,0.331,6.5,19.6,12.5,22.8,0.8,2.1,9.6,36.4,0.1,0.1,0.2,0.039,5,0.4,5.3,0.4,
Austin Reaves,26,LAL,SG,5,5,196,9.4,0.532,0.644,0.096,2.4,13.3,8,16.2,0.3,1.5,15.5,21.5,-0.1,0,0,-0.011,-1.7,-2,-3.7,-0.1,
Franz Wagner,23,ORL,SF,5,5,195,19.1,0.51,0.322,0.226,1.6,13.9,7.2,29.9,1.6,1.1,7.3,32,0.1,0.1,0.2,0.058,3.3,1.3,4.6,0.3,
Moses Moody,22,GSW,SG,12,2,193,12.4,0.486,0.563,0.213,5,10.5,7.7,11.7,1.6,1.4,4.4,20.9,0.1,0.2,0.3,0.071,-0.2,-0.2,-0.5,0.1,
Ty Jerome,27,CLE,SG,9,1,191,15.5,0.521,0.391,0.217,2.9,10.5,6.6,25.5,1.3,0.5,9.8,25.1,0.3,0.2,0.4,0.111,1,-1.2,-0.2,0.1,
Tim Hardaway Jr.,32,DET,SG,6,6,188,5.8,0.477,0.732,0.141,1.3,8.8,5.2,5.8,0.5,0,10.7,19.3,-0.2,0.1,-0.1,-0.015,-3,-1.5,-4.5,-0.1,
Giannis Antetokounmpo,30,MIL,PF,5,5,188,33.2,0.651,0.051,0.636,11,38,23.6,35.6,1.3,2.6,15.4,35.3,0.8,0.1,0.9,0.232,8.2,3.2,11.4,0.6,
Jonathan Kuminga,22,GSW,PF,8,1,187,16.5,0.572,0.269,0.333,4.1,8.3,6.1,10.2,1.1,2,10.9,28.2,0.1,0.1,0.2,0.061,1.2,-0.4,0.8,0.1,
De'Andre Hunter,27,CLE,SF,8,0,185,13.7,0.591,0.413,0.413,3.6,14.7,8.9,6.1,1.1,0.5,8.6,18.8,0.3,0.2,0.5,0.127,-0.6,-0.4,-1,0,
Rui Hachimura,26,LAL,PF,5,5,182,12.2,0.634,0.544,0.053,2.6,11.8,7.3,4.8,0.9,1.6,10.7,16.8,0.2,0.1,0.2,0.06,0.7,-0.3,0.4,0.1,
Luke Kornet,29,BOS,C,11,1,180,17.5,0.769,0,0.276,10.3,16.3,13.4,4.3,1.7,6.6,13.3,9.5,0.5,0.4,0.8,0.221,0.3,3.3,3.6,0.3,
Gary Payton II,32,GSW,SG,11,1,180,11.1,0.543,0.489,0,6,9.3,7.6,13.7,2.8,0,11.3,13,0.2,0.2,0.3,0.091,-1.4,1.7,0.3,0.1,
Nicolas Batum,36,LAC,PF,7,0,172,12.9,0.591,1,0,2.7,16,9.2,10.6,1.8,6,8.3,9.7,0.2,0.2,0.4,0.11,0.5,4.4,4.9,0.3,
Gary Trent Jr.,26,MIL,SG,5,3,171,19.7,0.708,0.71,0.161,0.6,7.2,3.7,5.6,3.8,0,4.3,18,0.5,0.1,0.6,0.164,3.5,2.9,6.4,0.4,
Dorian Finney-Smith,31,LAL,PF,5,1,170,6.9,0.534,0.655,0,7,7.3,7.2,11.8,0.3,1.1,14.7,9.3,0.1,0,0.1,0.033,-2,-0.2,-2.3,0,
Thomas Bryant,27,IND,C,20,0,167,10.1,0.664,0.545,0.424,5.1,13.1,9.4,3.2,1.2,3.3,15.2,12.2,0.2,0.2,0.3,0.093,-2.5,0.3,-2.3,0,
Dennis Schröder,31,DET,PG,6,0,164,16.7,0.625,0.396,0.302,2.9,6.7,4.9,21.8,2.1,0.5,10.4,17.6,0.4,0.2,0.6,0.166,2.4,2.2,4.6,0.3,
Malik Beasley,28,DET,SG,6,0,163,10.8,0.535,0.787,0.107,0.7,9.5,5.3,7.1,0.9,0.5,8.2,22.6,0.1,0.1,0.2,0.052,0.2,-0.8,-0.6,0.1,
Kentavious Caldwell-Pope,31,ORL,SG,5,5,163,5.7,0.394,0.767,0.133,0.7,11.1,5.4,8,2.3,1.9,5.9,9.5,-0.1,0.1,0,0.001,-5.4,2.4,-3,0,
Wendell Carter Jr.,25,ORL,C,5,5,162,14.3,0.574,0.275,0.25,12.6,27.9,19.5,6.1,0.7,1.3,15.3,14.8,0.1,0.1,0.2,0.072,-1,-0.1,-1.1,0,
Sam Merrill,28,CLE,SG,8,3,159,10.6,0.557,0.975,0.075,4.8,9.7,7.2,11.6,1.2,1.3,4.6,11.7,0.3,0.1,0.4,0.13,-0.4,0.9,0.5,0.1,
Bobby Portis,29,MIL,PF,5,1,158,12.7,0.511,0.412,0.015,5.5,25.7,15,7.1,0.6,1.2,8.1,20.9,0,0,0,0.002,-0.8,-1.9,-2.7,0,
Steven Adams,31,HOU,C,7,0,155,16.2,0.602,0,1.5,16.7,16.2,16.5,3.8,1,5.7,13.1,10.9,0.3,0.2,0.5,0.146,0.5,0.3,0.8,0.1,
Kris Dunn,30,LAC,PG,7,6,153,12.3,0.5,0.636,0,7.6,10.9,9.2,8,2.7,2.3,2.2,13.6,0.2,0.1,0.3,0.095,-1.6,2.7,1.1,0.1,
Bam Adebayo,27,MIA,C,4,4,153,15.9,0.508,0.328,0.172,11.7,23.4,17.1,19.4,1.4,0.8,14.8,24.5,0,-0.2,-0.2,-0.066,0.7,-1.5,-0.9,0,
Kevin Porter Jr.,24,MIL,SG,5,1,151,12,0.521,0.313,0.271,2.2,12.2,6.9,26,1.3,0,14.3,18.4,0.1,0,0.1,0.04,-1.2,-1,-2.2,0,
Darius Garland,25,CLE,PG,5,5,148,14.4,0.566,0.507,0.348,0.7,8,4.2,26.8,0.7,0,15.9,27.3,0.2,0.1,0.3,0.088,0.6,-2.4,-1.9,0,
Quinten Post,24,GSW,PF,12,2,146,7.7,0.452,0.667,0.083,4.4,18,10.9,12.5,1,1.9,10.8,16.8,-0.1,0.1,0.1,0.023,-3.4,-0.2,-3.6,-0.1,
Tyler Herro,25,MIA,SG,4,4,144,9.7,0.512,0.446,0.154,0,12.4,5.8,13.5,0.7,0,11.5,25.3,-0.1,-0.3,-0.4,-0.135,-2.9,-3.7,-6.6,-0.2,
Jabari Smith Jr.,21,HOU,PF,7,0,143,12.6,0.677,0.647,0.294,5.5,15.3,10.5,4.3,0.4,3.9,20.7,15,0.1,0.1,0.3,0.085,0.1,0.8,1,0.1,
Dean Wade,28,CLE,PF,9,1,142,6.8,0.417,0.778,0,7.7,23.3,15.2,5.2,1,0.7,14.3,6.3,0,0.2,0.2,0.067,-3,0.8,-2.2,0,
Davion Mitchell,26,MIA,PG,4,3,142,16.6,0.681,0.341,0.171,1.6,6.3,3.8,30.4,1.1,0.8,15.4,17,0.4,-0.3,0.1,0.026,1.6,0,1.5,0.1,
Jaylin Williams,22,OKC,PF,17,0,141,9.7,0.565,0.714,0.314,3.1,21.8,12.3,16.2,2.8,1.4,23.1,15.6,0,0.3,0.3,0.091,-4,4.4,0.4,0.1,
Desmond Bane,26,MEM,SG,4,4,139,6.9,0.438,0.508,0.238,4,16.2,10.3,15.4,1,1.3,17.7,25.4,-0.4,0,-0.3,-0.12,-2.4,-1.8,-4.2,-0.1,
Kenrich Williams,30,OKC,PF,16,0,137,9.9,0.457,0.5,0.15,6.3,21.6,13.9,7,2.5,0.7,14.1,15.4,-0.1,0.3,0.1,0.052,-2.6,0.8,-1.8,0,
Jaren Jackson Jr.,25,MEM,C,4,4,137,9,0.479,0.19,0.345,7.2,8.2,7.7,7.4,1.4,1.3,14.1,23.7,-0.2,0,-0.2,-0.06,-2,-1.5,-3.5,-0.1,
Ausar Thompson,22,DET,SF,6,6,135,15.9,0.596,0.048,0.857,7.1,18.8,13.1,7.5,2.6,3.1,16,22,0.1,0.2,0.3,0.114,-2.6,3.1,0.5,0.1,
A.J. Green,25,MIL,SG,5,1,135,13.5,0.69,0.897,0.051,1.6,10.9,6,10.9,0,0.7,0,13.1,0.4,0,0.3,0.124,2.6,0,2.6,0.2,
Tari Eason,23,HOU,PF,7,0,132,14.7,0.558,0.432,0.182,6,19.1,12.6,6.3,3.1,5.8,17.4,19.3,0,0.2,0.2,0.078,-0.8,3.1,2.3,0.1,
Derrick Jones Jr.,27,LAC,SF,7,1,129,12.7,0.495,0.417,0.167,4.5,7.4,5.9,2.3,1.6,6,5.5,19.6,-0.1,0.1,0,0.016,-1,0.9,-0.1,0.1,
Scotty Pippen Jr.,24,MEM,PG,4,4,129,12.1,0.55,0.483,0.328,3.4,14.3,9,18.7,1.5,0.7,17.4,26,0,0,0,0,-0.7,-0.1,-0.8,0,
Isaac Okoro,24,CLE,SG,9,0,128,10.6,0.612,0.533,0.267,3.4,6.5,4.9,5.3,2.3,0.8,10.7,12.5,0.1,0.1,0.3,0.106,-2,0.8,-1.2,0,
Cory Joseph,33,ORL,PG,5,5,124,9.9,0.521,0.667,0,0.9,8.3,4.2,18.3,2.1,1.7,7.7,9.6,0.1,0.1,0.2,0.065,-2.6,3,0.3,0.1,
Santi Aldama,24,MEM,PF,4,1,122,11.4,0.591,0.545,0,1.8,18.4,10.4,9.9,0,0.7,10.2,16.8,0.1,0,0.1,0.031,1.8,-0.5,1.3,0.1,
Andrew Wiggins,29,MIA,SF,4,4,122,7.8,0.485,0.465,0.233,3.7,9.4,6.4,11.8,0.4,4.7,18.8,22.2,-0.2,-0.2,-0.5,-0.177,-2.7,-2.8,-5.5,-0.1,
Kevon Looney,28,GSW,C,12,0,120,12.5,0.49,0,0.348,15.3,25.9,20.4,4.9,2.1,3.1,7,10.5,0.2,0.2,0.4,0.144,-4.4,1.1,-3.3,0,
Jarace Walker,21,IND,PF,12,0,117,7,0.503,0.588,0.118,2.1,17.8,10.4,9.4,0.8,1.6,16.4,16.2,-0.1,0.1,0,-0.009,-3.3,-0.6,-3.9,-0.1,
Bogdan Bogdanović,32,LAC,SG,7,0,117,6.8,0.478,0.545,0.159,5,15.3,10.1,18.1,1.3,0,18.9,23,-0.2,0.1,-0.1,-0.037,-7,-0.9,-7.9,-0.2,
Sam Hauser,27,BOS,PF,8,0,108,6.4,0.573,0.875,0.042,0,12.1,6.2,5.6,0.5,0.8,10.9,11.6,0,0.1,0.2,0.069,-2.5,0,-2.5,0,
Zach Edey,22,MEM,C,4,4,108,13.5,0.691,0,0.467,11.2,18.9,15.2,9.9,0,8.2,24.9,9.3,0.1,0.1,0.2,0.084,-0.3,2.9,2.6,0.1,
Cameron Payne,30,NYK,PG,14,0,102,2.1,0.391,0.568,0.081,0,9.3,4.5,12.7,2.5,1,15.4,19.3,-0.3,0.1,-0.2,-0.08,-9.4,-0.4,-9.8,-0.2,
Kyle Kuzma,29,MIL,PF,5,4,102,2.4,0.385,0.286,0.171,3.2,9.7,6.2,5.6,0,0.9,7.4,17.6,-0.2,0,-0.2,-0.107,-7.4,-3.4,-10.9,-0.2,
Gabe Vincent,28,LAL,PG,5,0,99,4.2,0.5,0.929,0,0,5.7,2.9,7.5,0.5,1.9,6.7,7.1,0,0,0,0.007,-4,0.6,-3.4,0,
Anthony Black,21,ORL,PG,5,0,89,15.4,0.48,0.351,0.351,12,17.4,14.5,0,2.4,1.2,4.5,23,0,0.1,0.1,0.052,-1.2,0.8,-0.5,0,
Julian Strawther,22,DEN,SG,9,0,88,9.8,0.574,0.4,0.233,5,6.1,5.6,3.5,1.1,1,13.1,18.7,0,0,0.1,0.036,-1.3,-0.7,-2,0,
Ajay Mitchell,22,OKC,SG,12,0,84,12.2,0.551,0.371,0.143,3.8,7.8,5.8,16.2,1.2,0,13.9,21.8,0,0.1,0.1,0.067,-1.3,-0.1,-1.4,0,
Haywood Highsmith,28,MIA,SF,4,0,84,14,0.763,0.789,0,5.3,13.7,9.2,7.6,1.9,2.7,17.4,12.7,0.1,-0.1,0,0.01,0.5,1.6,2,0.1,
Landry Shamet,27,NYK,SG,11,0,83,8.1,0.597,0.75,0.2,0,5.7,2.8,13.7,0.6,0,15.5,13.5,0.1,0,0.1,0.043,-0.5,-0.2,-0.7,0,
Gary Harris,30,ORL,SG,5,0,83,4.6,0.438,0.75,0,1.3,6.2,3.5,5.1,1.9,1.2,0,4.4,0,0,0,0.027,-5.8,2.7,-3.1,0,
Ja Morant,25,MEM,PG,3,3,82,15.2,0.475,0.302,0.208,1.3,6.2,3.9,38,1.2,2.2,9.4,32.5,-0.1,0,-0.1,-0.042,4.7,-0.2,4.5,0.1,
Trayce Jackson-Davis,24,GSW,C,9,3,80,21.5,0.78,0,0.722,12.2,18,14.9,4.4,1.9,2.3,4,13.6,0.3,0.1,0.4,0.233,1.6,1.3,2.9,0.1,
Luke Kennard,28,MEM,SG,4,0,80,8.3,0.5,0.5,0,2.8,15.3,9.3,15.4,2.4,1.1,25,12.5,-0.1,0,0,-0.025,-2.2,1.6,-0.6,0,
Tony Bradley,27,IND,C,11,0,78,9.4,0.595,0.111,1.333,17.3,14,15.6,4.9,0,1.2,21.9,10.4,0.1,0,0.2,0.1,-2.3,-2.1,-4.4,0,
Nikola Jović,21,MIA,PF,4,0,75,15.4,0.505,0.686,0.171,6,20.5,12.7,13.7,2.1,1.5,11.7,26.4,0,-0.1,-0.1,-0.08,0.9,-0.9,0,0,
Damian Lillard,34,MIL,PG,3,3,75,6.7,0.349,0.593,0.259,1.4,11.5,6.1,25.5,1.3,2.6,9.1,19.5,-0.1,0,-0.1,-0.058,-4.8,-2,-6.8,-0.1,
Brook Lopez,36,MIL,C,5,4,74,8.8,0.517,0.682,0.227,4.4,8.3,6.2,7.7,0.7,6.5,14.2,16.9,0,0,0,0.01,-3.8,0.2,-3.6,0,
Kel'el Ware,20,MIA,C,4,4,73,11.9,0.528,0.611,0,6.1,26.3,15.5,8.5,0.7,3.1,10,12.7,0,-0.1,-0.1,-0.044,-0.4,-0.5,-0.8,0,
Gui Santos,22,GSW,PF,10,0,72,12.7,0.662,0.588,0.353,4.5,15,9.5,17.3,2.1,1.3,23.4,15.7,0.1,0.1,0.1,0.097,-1.6,2,0.4,0,
Jonathan Isaac,27,ORL,PF,5,0,69,12.3,0.634,0.333,0.417,7.8,9.4,8.5,4.5,1.5,1.5,12.3,10.7,0.1,0,0.1,0.08,-1.1,1.2,0.1,0,
John Konchar,28,MEM,SG,4,0,69,8.3,0.511,0.667,0.444,4.8,14.8,10,12.3,1.4,2.6,15.7,7.7,0,0,0.1,0.046,-1.9,2.8,0.9,0.1,
Pat Spencer,28,GSW,PG,8,0,63,19.4,0.684,0.12,0.12,8.6,11.4,9.9,18.6,2.4,0,18.6,22.6,0.1,0.1,0.2,0.131,-0.2,2,1.8,0.1,
Taurean Prince,30,MIL,SF,5,2,61,1.6,0.3,0.9,0,0,10.1,4.7,16.8,1.6,1.6,33.3,10.9,-0.2,0,-0.1,-0.111,-6.4,-0.4,-6.8,-0.1,
Jarred Vanderbilt,25,LAL,PF,5,0,60,8.9,0.451,0.167,0.667,7.9,28.3,18.4,12.1,2.6,1.6,27.9,8.4,0,0.1,0.1,0.068,-4.2,3.4,-0.7,0,
Duncan Robinson,30,MIA,SF,4,0,59,0.4,0.539,0.857,0.286,0,8.7,4,2.5,0,0,27.6,17.1,-0.1,-0.1,-0.3,-0.228,-7.3,-4.3,-11.6,-0.1,
Jericho Sims,26,MIL,C,5,0,58,13.7,0.956,0,0.5,20.6,19.1,19.9,2.4,0,1.7,40.6,9.4,0.1,0,0.1,0.088,-1.6,-1.8,-3.3,0,
Terrence Shannon Jr.,24,MIN,SG,9,0,57,22.2,0.635,0.296,0.444,2.1,18.2,10.2,8.9,3.5,0,8.5,26.8,0.2,0.1,0.3,0.229,0.5,3.5,4,0.1,
Jalen Pickett,25,DEN,SG,8,0,57,1.4,0.433,0.6,0,0,13.3,6.7,12.5,0,1.6,28.6,15.9,-0.2,0,-0.1,-0.122,-5.4,-2.7,-8.1,-0.1,
Paul Reed,25,DET,C,5,0,53,14.8,0.658,0,0.75,15.7,16.7,16.2,2.8,4.7,4.7,32,12.7,0,0.1,0.1,0.12,-2.2,4.3,2,0.1,
Pelle Larsson,23,MIA,SG,4,0,52,12.9,0.613,0.533,0.2,4.3,17.2,10.3,12.8,1,0,10.9,16.4,0.1,-0.1,0,-0.024,-0.9,0.4,-0.5,0,
Cole Anthony,24,ORL,PG,5,0,51,-4.4,0.349,0.429,0.286,6.3,10.1,8,17.7,0,2,36.3,22.2,-0.3,0,-0.3,-0.276,-13.4,-3,-16.4,-0.2,
Delon Wright,32,NYK,PG,6,0,48,7.7,0.354,0.667,0.222,2.4,2.5,2.4,13.5,3.1,2.1,9.2,9.9,0,0,0,0.025,-1.8,2.1,0.3,0,
Caleb Houstan,22,ORL,SF,5,0,47,-4.1,0.214,0.714,0,4.6,5.5,5,3,0,2.2,12.5,15.6,-0.2,0,-0.2,-0.215,-9,-3.6,-12.6,-0.1,
Dillon Jones,23,OKC,SF,10,0,46,19.2,0.968,0.364,0.182,7,14.3,10.6,16.6,1.1,2.2,33.6,16.5,0.1,0.1,0.2,0.179,3.4,4,7.5,0.1,
Ben Simmons,28,LAC,PG,5,0,42,5.5,0.333,0,0,8.3,11.4,9.8,12,1.2,8.2,25,8.8,0,0,0,0.017,-7.4,4.5,-2.9,0,
Javonte Green,31,CLE,SG,6,0,39,16.8,0.593,0.5,0.6,2.8,24.2,13.1,6.8,5.1,0,13.7,16.1,0.1,0.1,0.1,0.164,-1.9,4.4,2.4,0,
Kevin Knox,25,GSW,SF,5,0,38,14.4,0.473,0.3,0.25,8.5,12.6,10.5,18.9,0,2.4,8.3,28.1,0,0,0,0.026,0.3,-2.5,-2.1,0,
Vince Williams Jr.,24,MEM,SG,3,0,38,16.1,0.888,1,0.286,2.9,16.1,9.8,16.3,2.5,2.3,27.6,11.9,0.1,0,0.1,0.131,3.9,4.5,8.4,0.1,
DeAndre Jordan,36,DEN,C,7,0,36,4.3,0.63,0,1.333,3.1,24,13.7,7.8,0,2.5,29.6,8.1,0,0,0,0.004,-6.8,1,-5.8,0,
Johnny Furphy,20,IND,SG,11,0,35,-0.8,0.225,0.5,0.25,3.5,15.6,9.9,3.5,0,2.6,18.4,6.9,-0.1,0,0,-0.057,-8.5,-0.3,-8.8,-0.1,
Craig Porter Jr.,24,CLE,PG,6,0,35,21.8,0.5,0.25,0,9.4,10.1,9.8,37.8,4.3,5.8,14.3,17.1,0.1,0.1,0.1,0.202,3,5.4,8.4,0.1,
Precious Achiuwa,25,NYK,C,8,0,34,11.2,0.444,0.071,0.286,10,20.9,15.3,0,1.5,0,6,21.4,0,0,0,0.007,-3,-1.7,-4.7,0,
Zeke Nnaji,24,DEN,PF,6,0,34,3.8,0.316,0.75,0.875,9.8,12.7,11.2,7.7,1.5,5.4,15.3,16.6,-0.1,0,0,-0.068,-5.8,-0.7,-6.5,0,
Ron Holland,19,DET,SF,5,0,34,-0.6,0.479,0.6,2,10.5,9.7,10.1,0,0,2.4,39,19.5,-0.1,0,-0.1,-0.14,-10.1,-2.6,-12.7,-0.1,
Ousmane Dieng,21,OKC,C,9,0,32,16.2,0.643,0.7,0.2,0,13.7,6.8,12.9,0,3.1,0,14.4,0.1,0,0.1,0.202,4.9,1.3,6.3,0.1,
Jordan Goodwin,26,LAL,PG,4,0,31,1.8,0.255,0.4,0.4,7.7,11,9.4,9.4,1.7,3.1,14.5,10.4,-0.1,0,0,-0.05,-9.1,0.3,-8.8,-0.1,
Jaxson Hayes,24,LAL,C,4,4,31,6.2,0.394,0,0.25,19.2,11,15,5.2,0,3.1,10.1,14.9,0,0,0,0.002,-7.7,-3,-10.7,-0.1,
Jaylon Tyson,22,CLE,SG,4,0,31,32.8,0.68,0.6,0.4,10.6,15.2,12.9,36.1,3.2,3.3,10.2,27.1,0.2,0.1,0.3,0.406,10.3,5.4,15.6,0.1,
Hunter Tyson,24,DEN,PF,5,0,30,21,0.638,0.5,0.4,14.7,14.4,14.6,10.7,1.7,0,7.8,18.4,0.1,0,0.1,0.21,4.1,-0.1,4,0,
Ryan Rollins,22,MIL,PG,3,1,30,7.4,0.385,0.538,0,3.6,4.1,3.8,19.6,1.7,0,0,19.2,0,0,0,-0.021,-2.6,-1.3,-4,0,
Tristan Thompson,33,CLE,C,3,0,29,13.5,0.478,0,0.5,7.6,52.9,29.4,4.6,1.7,7,21.5,13.8,0,0.1,0,0.067,-3.3,2.5,-0.9,0,
Jaylen Clark,23,MIN,SG,5,0,28,20.3,0.814,0.2,0.8,8.4,20.5,14.6,5.3,3.6,0,12.9,12,0.1,0,0.1,0.237,0.8,6.1,6.8,0.1,
Marvin Bagley III,25,MEM,PF,2,0,28,23.5,0.944,0.111,0,7.9,14.6,11.4,0,3.4,3.2,25,17.9,0,0,0.1,0.117,3.7,5.4,9.2,0.1,
Aaron Holiday,28,HOU,PG,3,0,27,10.4,0.51,0.5,0.4,4.2,4.1,4.1,18,0,0,7.8,20.9,0,0,0,0.059,-2.2,-4,-6.2,0,
Braxton Key,27,GSW,SF,5,0,23,2,0.125,0.125,0,23.5,20.8,22.2,6,4.4,8,27.3,21.1,-0.2,0.1,-0.1,-0.215,-10.3,0.2,-10,0,
Josh Minott,22,MIN,SF,5,0,23,-2,0.313,0.75,0,0,0,0,11.8,0,4.3,20,18.8,-0.1,0,-0.1,-0.181,-7.8,-2.7,-10.4,0,
Baylor Scheierman,24,BOS,SG,4,0,22,2.7,0.4,0.5,0,5.3,14.8,10.2,0,0,0,9.1,22.8,-0.1,0,0,-0.08,-6.3,-3.3,-9.6,0,
Torrey Craig,34,BOS,SF,5,0,21,17.4,0.75,0.75,0,11.1,15.5,13.4,21.6,2.5,0,20,10.9,0.1,0,0.1,0.238,4.2,4.4,8.6,0.1,
Luka Garza,26,MIN,C,5,0,19,31.7,1.083,0.167,0,18.6,0,9.2,0,0,0,0,13.7,0.1,0,0.1,0.294,11.1,0,11.1,0.1,
Jaime Jaquez Jr.,23,MIA,SF,3,0,19,3.5,0.291,0.333,0.333,17.6,6.7,12.6,7.5,0,0,12.7,19.3,0,0,-0.1,-0.236,-5,-5.8,-10.8,0,
Isaiah Stewart,23,DET,C,1,0,19,8.3,0.5,0,0,6.3,23.2,15.1,7.3,0,8.8,0,4.5,0,0,0.1,0.13,-5.8,3,-2.8,0,
James Johnson,37,IND,PF,5,0,18,17.8,0.595,0.2,0.4,0,6.1,3.2,16.5,5.4,10.2,14.5,16.9,0,0,0,0.133,-1.5,8.2,6.7,0,
Jay Huff,26,MEM,C,2,0,18,20.4,0.694,0.25,1,6.1,11.3,8.8,8.7,0,14.7,14.8,15.7,0,0,0.1,0.162,4.1,5,9.2,0.1,
Rob Dillingham,20,MIN,PG,3,0,16,21.1,0.45,0.25,0.25,0,14.4,7.3,68.9,0,0,0,24.1,0.1,0,0.1,0.23,5.3,1.1,6.4,0,
Jordan Walsh,20,BOS,PF,5,0,15,0.4,0,1,0,0,7.2,3.7,8.8,0,0,0,3,0,0,0,-0.007,-4.6,-0.3,-5,0,
Kobe Brown,25,LAC,PF,3,0,15,49.9,0.948,0.125,0.125,0,8,3.9,70.6,0,0,0,26.1,0.2,0,0.2,0.554,20.7,8.7,29.4,0.1,
Alec Burks,33,MIA,SG,1,1,15,20.8,1,1,0,0,17.1,8,21.4,0,0,0,9.3,0.1,0,0,0.149,8.7,1,9.8,0,
Pat Connaughton,32,MIL,SG,3,0,14,-1,0.338,0.5,0.25,0,17.6,8.2,10.7,0,0,10.1,31.3,-0.1,0,-0.1,-0.285,-8.9,-6.7,-15.6,0,
Kyle Anderson,31,MIA,SF,2,0,14,-7.4,0,0,0,0,9.1,4.3,9.5,0,0,33.3,10,-0.1,0,-0.1,-0.344,-11.9,-4.4,-16.2,-0.1,
JD Davison,22,BOS,PG,4,0,13,-0.9,0.225,0.25,0.25,9,16.7,13,33.9,0,0,10.1,34.7,-0.1,0,-0.1,-0.281,-7.8,-6.6,-14.4,0,
Neemias Queta,25,BOS,C,4,0,13,40.9,0.833,0,0,17.9,0,8.6,41.2,4,0,0,21.1,0.1,0,0.1,0.498,11.7,6.4,18.1,0.1,
Cam Christie,19,LAC,SG,3,0,13,15,0.833,0.667,0,0,18.4,9.1,0,4,0,25,14.3,0,0,0,0.064,-1,3.9,2.9,0,
Drew Eubanks,27,LAC,C,3,0,13,2.8,0.431,0,3,0,9.2,4.5,0,0,0,0,16.5,0,0,0,-0.018,-8.9,-3.3,-12.3,0,
Jordan Miller,25,LAC,SF,3,0,13,32.2,0.444,0.143,0.286,0,18.4,9.1,50.1,12,0,0,28.1,0,0,0.1,0.248,3,11.6,14.6,0.1,
Leonard Miller,21,MIN,SF,3,0,13,39.8,0.813,0.125,0,27.2,17.7,22.4,0,0,0,11.1,30,0.1,0,0.1,0.281,10.8,-1.3,9.6,0,
Chuma Okeke,26,CLE,PF,3,0,13,7.1,0.375,1,0,0,0,0,9.9,3.8,0,0,13.2,0,0,0,0.035,-2.1,0.3,-1.8,0,
Lamar Stevens,27,MEM,PF,2,0,12,-7.3,0.222,0.333,0,0,34,17.7,14.3,0,0,10,34.8,-0.1,0,-0.1,-0.461,-10.1,-3.3,-13.3,0,
Goga Bitadze,25,ORL,C,3,0,11,9,1,0,0,0,35.2,16,14,0,9.3,0,4.2,0,0,0,0.191,-10.7,6.3,-4.4,0,
Vlatko Čančar,27,DEN,PF,3,0,11,-6.9,,,,0,19.6,9.9,0,0,0,100,7.9,-0.1,0,-0.1,-0.243,-10.2,-3.2,-13.4,0,
Reed Sheppard,20,HOU,PG,3,0,10,4.3,0,1,0,0,10.9,5.6,13.1,10.3,11,33.3,13.3,-0.1,0,0,-0.116,-7.8,9.1,1.3,0,
Keshad Johnson,23,MIA,SF,2,0,8,6.3,1,0,0,14,0,7.5,0,0,0,50,11.6,0,0,0,-0.142,-6.5,-3.5,-10,0,
Xavier Tillman Sr.,26,BOS,C,1,0,8,3.7,0.25,0.5,0,14.5,27.1,21.1,0,0,0,0,22.8,0,0,0,-0.117,-5.2,-4,-9.2,0,
Tyler Kolek,23,NYK,PG,3,0,6,38.7,1.5,1,0,0,19.7,9.6,77.6,0,0,0,7.2,0.1,0,0.1,0.648,17.4,5.6,23.1,0,
Jeff Green,38,HOU,PF,3,0,5,17.9,0.5,0.333,0,22.6,0,11.1,0,0,0,0,26.6,0,0,0,0.117,6.4,-7.1,-0.7,0,
Ariel Hukporti,22,NYK,C,3,0,5,29.2,0.694,0,1,0,47.3,23.1,0,0,0,0,25,0,0,0,0.085,9.5,1.8,11.3,0,
Cam Whitmore,20,HOU,SF,3,0,5,-12.9,0,0.5,0,0,21.9,11.1,0,0,0,0,17.7,0,0,0,-0.357,-14,-7.2,-21.2,0,
Nate Williams,25,HOU,SG,3,0,5,-21.6,0,1,0,0,0,0,0,0,0,50,17.7,-0.1,0,-0.1,-0.493,-22.2,-7.7,-29.9,0,
Tristan Da Silva,23,ORL,SF,2,0,5,-11.8,0,1,0,0,100,46.8,27,0,0,66.7,27.4,-0.1,0,-0.1,-0.629,-22.2,-0.5,-22.6,0,
Andre Jackson Jr.,23,MIL,SG,2,0,5,-7.6,0,1,0,0,0,0,0,0,0,0,8.9,0,0,0,-0.24,-11.2,-6.9,-18.1,0,
Chris Livingston,21,MIL,SF,2,0,5,-4.9,0,1,0,0,24.6,11.5,0,0,0,0,8.9,0,0,0,-0.219,-11.3,-5.4,-16.6,0,
Maxi Kleber,33,LAL,PF,1,0,5,-4.4,0.532,1,2,0,0,0,0,0,0,34.7,26.9,0,0,0,-0.233,-12.2,-6.5,-18.6,0,
Jock Landale,29,HOU,C,1,0,5,8.3,0.5,0,0,0,0,0,0,0,0,0,17.7,0,0,0,0.007,-3.3,-6.2,-9.5,0,
Pacôme Dadiet,19,NYK,SG,2,0,4,19.8,1,0,0,0,0,0,0,0,0,0,10.9,0,0,0,0.19,3.9,0.1,4,0,
Bronny James,20,LAL,SG,2,0,4,-19.8,0,1,0,0,0,0,0,0,0,0,23.4,0,0,0,-0.587,-21.1,-11.4,-32.5,0,
Dalton Knecht,23,LAL,SF,2,0,4,45.4,0.5,0.8,0,59.4,28.3,43.5,0,0,0,0,58.4,0,0,0,0.208,27.4,-9.2,18.2,0,
Alex Len,31,LAL,C,2,0,4,23.2,0,0,0,89.1,28.3,58,0,0,0,0,11.7,0,0,0,0.167,7.9,-16.4,-8.5,0,
Shake Milton,28,LAL,SG,2,0,4,-13.9,0,0,0,0,0,0,0,0,0,0,11.7,0,0,0,-0.303,-19.8,-6.3,-26.1,0,
Jett Howard,21,ORL,SF,1,0,4,61.8,1.5,1,0,0,0,0,0,0,0,0,22.8,0,0,0,0.319,38.1,9.4,47.5,0,
Patty Mills,36,LAC,PG,1,0,4,4.6,0.75,0.5,0,0,0,0,0,0,0,33.3,34.7,0,0,0,-0.227,-4.6,-2.9,-7.5,0,
P.J. Tucker,39,NYK,SF,1,0,4,-3.9,,,,0,0,0,0,0,0,,0,0,0,0,-0.002,-8.6,2.2,-6.4,0,
League Average,,,,,,,,0.566,0.411,0.278,5.2,14.8,10,15,1.6,2,12,19.8,,,,,,,,,
