Rk,Player,Age,Team,Pos,G,GS,MP,FG,FGA,FG%,3P,3PA,3P%,2P,2PA,2P%,eFG%,FT,FTA,FT%,ORB,DRB,TRB,AST,STL,BLK,TOV,PF,PTS,Awards,Player-additional,2025-26
1,Shai Gilgeous-Alexander,26,OKC,PG,76,76,34.2,11.3,21.8,0.519,2.1,5.7,0.375,9.2,16.1,0.571,0.569,7.9,8.8,0.898,0.9,4.1,5,6.4,1.7,1,2.4,2.2,32.7,1,gilgesh01,61005000
18,Stephen Curry,36,GSW,PG,70,70,32.2,8.1,18,0.448,4.4,11.2,0.397,3.6,6.8,0.534,0.572,4,4.3,0.933,0.6,3.9,4.4,6,1.1,0.4,2.9,1.4,24.5,1,curryst01,59606817
3,Nikola Joki?,29,DEN,C,70,70,36.7,11.2,19.5,0.576,2,4.7,0.417,9.3,14.8,0.627,0.627,5.2,6.4,0.8,2.9,9.9,12.7,10.2,1.8,0.6,3.3,2.3,29.6,1,jokicni01,55224526
27,Joel Embiid,30,PHI,C,19,19,30.2,7.4,16.6,0.444,1.2,4.1,0.299,6.2,12.5,0.492,0.481,7.8,8.9,0.882,1.9,6.3,8.2,4.5,0.7,0.9,3.3,2.2,23.8,0,embiijo01,55224526
7,Kevin Durant,36,PHO,PF,62,62,36.5,9.5,18.1,0.527,2.6,6,0.43,7,12.1,0.574,0.598,4.9,5.8,0.839,0.4,5.7,6,4.2,0.8,1.2,3.1,1.7,26.6,1,duranke01,54708609
2,Giannis Antetokounmpo,30,MIL,PF,67,67,34.2,11.8,19.7,0.601,0.2,0.9,0.222,11.6,18.7,0.62,0.607,6.5,10.6,0.617,2.2,9.7,11.9,6.5,0.9,1.2,3.1,2.3,30.4,1,antetgi01,54126450
6,Jayson Tatum,26,BOS,PF,72,72,36.4,9.2,20.3,0.452,3.5,10.1,0.343,5.7,10.2,0.559,0.537,5,6.1,0.814,0.7,8,8.7,6,1.1,0.5,2.9,2.2,26.8,1,tatumja01,54126450
15,Anthony Davis,31,2TM,C,51,51,33.5,9.2,17.8,0.516,0.7,2.4,0.282,8.5,15.4,0.553,0.536,5.6,7.2,0.775,2.6,8.9,11.6,3.5,1.2,2.2,2.2,1.9,24.7,1,davisan02,54126450
73,Jimmy Butler,35,2TM,SF,55,55,31.7,5.5,10.9,0.504,0.6,1.9,0.308,4.9,9,0.546,0.531,6,7.1,0.842,2.3,3.1,5.4,5.4,1.4,0.3,1.3,0.9,17.5,0,butleji01,54126450
12,Devin Booker,28,PHO,SG,75,75,37.3,8.7,18.9,0.461,2.4,7.3,0.332,6.3,11.6,0.542,0.525,5.8,6.4,0.894,1,3.1,4.1,7.1,0.9,0.2,2.9,2.6,25.6,0,bookede01,53142264
20,Karl-Anthony Towns,29,NYK,C,72,72,35,8.9,16.9,0.526,2,4.7,0.42,6.9,12.2,0.567,0.584,4.7,5.7,0.829,2.9,9.8,12.8,3.1,1,0.7,2.7,3.5,24.4,0,townska01,53142264
32,Jaylen Brown,28,BOS,SF,63,63,34.3,8.2,17.7,0.463,1.8,5.7,0.324,6.4,12.1,0.529,0.515,3.9,5.1,0.764,1.3,4.5,5.8,4.5,1.2,0.3,2.6,2.4,22.2,1,brownja02,53142264
19,LeBron James,40,LAL,SF,70,70,34.9,9.3,18.1,0.513,2.1,5.7,0.376,7.2,12.5,0.574,0.571,3.7,4.7,0.782,1,6.8,7.8,8.2,1,0.6,3.7,1.4,24.4,1,jamesle01,52627153
86,Paul George,34,PHI,PF,41,41,32.5,6,13.9,0.43,2.3,6.5,0.358,3.6,7.4,0.493,0.514,1.9,2.4,0.814,0.6,4.8,5.3,4.3,1.8,0.5,2.6,2.5,16.2,0,georgpa01,51666090
38,Kawhi Leonard,33,LAC,SF,37,37,31.9,8.4,16.8,0.498,2.1,5.1,0.411,6.3,11.7,0.536,0.56,2.6,3.3,0.81,0.9,5,5.9,3.1,1.6,0.5,1.9,1.5,21.5,0,leonaka01,50000000
4,Luka Don?i?,25,2TM,PG,50,50,35.4,9.2,20.5,0.45,3.5,9.6,0.368,5.7,10.9,0.522,0.536,6.2,7.9,0.782,0.8,7.4,8.2,7.7,1.8,0.4,3.6,2.5,28.2,0,doncilu01,49800000
28,De'Aaron Fox,27,2TM,PG,62,62,36.1,8.7,18.8,0.463,1.9,6.1,0.31,6.8,12.6,0.538,0.514,4.2,5.1,0.827,0.9,3.9,4.8,6.3,1.5,0.4,2.8,2.6,23.5,0,foxde01,49800000
68,Bam Adebayo,27,MIA,C,78,78,34.3,6.9,14.3,0.485,1,2.8,0.357,5.9,11.4,0.517,0.521,3.2,4.2,0.765,2.4,7.2,9.6,4.3,1.3,0.7,2.1,2.1,18.1,0,adebaba01,49800000
35,Jaren Jackson Jr.,25,MEM,C,74,74,29.8,8,16.4,0.488,2,5.3,0.375,6,11.1,0.541,0.548,4.2,5.4,0.781,1.2,4.4,5.6,2,1.2,1.5,2.1,3.5,22.2,1,jacksja02,49000000
29,Zach LaVine,29,2TM,SG,74,74,35.2,8.4,16.5,0.511,3.2,7.2,0.446,5.2,9.3,0.562,0.609,3.2,3.9,0.825,0.3,4,4.3,4.2,0.8,0.2,2.8,1.6,23.3,0,lavinza01,47499660
9,Cade Cunningham,23,DET,PG,70,70,35,9.8,20.8,0.469,2.1,6,0.356,7.6,14.8,0.515,0.521,4.5,5.3,0.846,0.8,5.3,6.1,9.1,1,0.8,4.4,2.8,26.1,0,cunnica01,46394100
23,Trae Young,26,ATL,PG,76,76,36,7.4,18.1,0.411,2.9,8.4,0.34,4.6,9.7,0.474,0.491,6.5,7.4,0.875,0.5,2.6,3.1,11.6,1.2,0.2,4.7,1.9,24.2,0,youngtr01,46394100
24,Donovan Mitchell,28,CLE,SG,71,71,31.4,8.2,18.6,0.443,3.3,8.9,0.368,5,9.7,0.512,0.531,4.2,5.1,0.823,0.8,3.7,4.5,5,1.3,0.2,2.1,2,24,0,mitchdo01,46394100
39,Jamal Murray,27,DEN,PG,67,67,36.1,7.9,16.7,0.474,2.3,5.9,0.393,5.6,10.8,0.518,0.543,3.3,3.7,0.886,0.7,3.2,3.9,6,1.4,0.5,2.1,1.9,21.4,0,murraja01,46394100
58,Lauri Markkanen,27,UTA,PF,47,47,31.4,6.3,14.9,0.423,2.9,8.5,0.346,3.4,6.4,0.525,0.521,3.4,3.9,0.876,1.5,4.4,5.9,1.5,0.7,0.4,1.4,1.7,19,0,markkla01,46394100
63,Evan Mobley,23,CLE,PF,71,71,30.5,7.1,12.8,0.557,1.2,3.2,0.37,5.9,9.5,0.621,0.604,3.1,4.3,0.725,2.3,7,9.3,3.2,0.9,1.6,2,2,18.5,1,mobleev01,46394100
5,Anthony Edwards,23,MIN,SG,79,79,36.3,9.1,20.4,0.447,4.1,10.3,0.395,5.1,10.1,0.501,0.547,5.3,6.3,0.837,0.8,4.9,5.7,4.5,1.2,0.6,3.2,1.9,27.6,1,edwaran01,45550512
50,Pascal Siakam,30,IND,PF,78,78,32.7,7.9,15.2,0.519,1.6,4.2,0.389,6.2,11,0.568,0.572,2.9,3.9,0.734,1.7,5.2,6.9,3.4,0.9,0.5,1.4,2.4,20.2,1,siakapa01,45550512
62,Tyrese Haliburton,24,IND,PG,73,73,33.6,6.5,13.8,0.473,3,7.7,0.388,3.5,6.1,0.581,0.582,2.6,3,0.851,0.6,3,3.5,9.2,1.4,0.7,1.6,1.3,18.6,0,halibty01,45550512
55,Domantas Sabonis,28,SAC,C,70,70,34.7,7.5,12.8,0.59,0.9,2.2,0.417,6.6,10.5,0.627,0.627,3.1,4.1,0.754,3.8,10.1,13.9,6,0.7,0.4,2.9,3.3,19.1,0,sabondo01,42336000
11,Paolo Banchero,22,ORL,PF,46,46,34.4,9,19.8,0.452,1.9,5.9,0.32,7.1,13.9,0.509,0.5,6.1,8.4,0.727,1.1,6.4,7.5,4.8,0.8,0.6,3,2.1,25.9,0,banchpa01,41500000
37,Jalen Williams,23,OKC,SG,69,69,32.4,8.2,16.9,0.484,1.8,4.9,0.365,6.4,12,0.533,0.537,3.4,4.3,0.789,0.9,4.5,5.3,5.1,1.6,0.7,2.2,2.3,21.6,1,willija06,41500000
37,Jalen Williams,23,OKC,SG,69,69,32.4,8.2,16.9,0.484,1.8,4.9,0.365,6.4,12,0.533,0.537,3.4,4.3,0.789,0.9,4.5,5.3,5.1,1.6,0.7,2.2,2.3,21.6,1,willija06,41500000
95,Chet Holmgren,22,OKC,C,32,32,27.4,5.2,10.7,0.49,1.4,3.6,0.379,3.8,7,0.547,0.554,3.2,4.2,0.754,1.5,6.5,8,2,0.7,2.2,1.8,2.3,15,1,holmgch01,41500000
95,Chet Holmgren,22,OKC,C,32,32,27.4,5.2,10.7,0.49,1.4,3.6,0.379,3.8,7,0.547,0.554,3.2,4.2,0.754,1.5,6.5,8,2,0.7,2.2,1.8,2.3,15,1,holmgch01,41500000
13,LaMelo Ball,23,CHO,PG,47,47,32,8.6,21.3,0.405,3.8,11.2,0.339,4.8,10.1,0.478,0.494,4.1,4.9,0.843,1,3.9,4.9,7.4,1.1,0.3,3.6,3.3,25.2,0,ballla01,40770520
70,OG Anunoby,27,NYK,PF,74,74,36.6,6.6,13.9,0.476,2.3,6.2,0.372,4.3,7.7,0.561,0.559,2.5,3.1,0.81,1.3,3.5,4.8,2.2,1.5,0.9,1.4,2.3,18,0,anunoog01,39568966
17,Zion Williamson,24,NOP,PF,30,30,28.6,9.6,16.9,0.567,0.1,0.4,0.231,9.5,16.5,0.576,0.57,5.3,8,0.656,2.5,4.7,7.2,5.3,1.2,0.9,3,2.7,24.6,0,willizi01,39446090
30,Ja Morant,25,MEM,PG,50,50,30.4,8.1,17.8,0.454,1.8,5.7,0.309,6.3,12.1,0.523,0.504,5.3,6.4,0.824,0.7,3.4,4.1,7.3,1.2,0.2,3.7,2.3,23.2,0,moranja01,39446090
45,Darius Garland,25,CLE,PG,75,75,30.7,7.4,15.7,0.472,2.8,7.1,0.401,4.6,8.6,0.53,0.562,3,3.4,0.878,0.6,2.2,2.9,6.7,1.2,0.1,2.5,1.9,20.6,0,garlada01,39446090
31,James Harden,35,LAC,PG,79,79,35.3,6.7,16.4,0.41,3,8.5,0.352,3.7,7.9,0.472,0.501,6.4,7.3,0.874,0.7,5.1,5.8,8.7,1.5,0.7,4.3,2.1,22.8,1,hardeja01,39182693
22,Franz Wagner,23,ORL,SF,60,60,33.7,9,19.4,0.463,1.7,5.9,0.295,7.2,13.5,0.535,0.507,4.5,5.2,0.871,0.9,4.8,5.7,4.7,1.3,0.4,2.3,2.5,24.2,0,wagnefr01,38661750
52,Scottie Barnes,23,TOR,PF,65,65,32.8,7.3,16.4,0.446,1.2,4.3,0.271,6.1,12,0.508,0.482,3.5,4.6,0.755,1.7,6,7.7,5.8,1.4,1,2.8,1.7,19.3,0,barnesc01,38661750
67,Michael Porter Jr.,26,DEN,SF,77,77,33.7,6.9,13.6,0.504,2.5,6.4,0.395,4.4,7.3,0.599,0.596,1.9,2.5,0.768,1.8,5.2,7,2.1,0.6,0.5,1.4,2,18.2,0,portemi01,38333050
34,Brandon Ingram,27,NOP,SF,18,18,33.1,8.6,18.5,0.465,2.4,6.4,0.374,6.2,12.1,0.514,0.53,2.6,3.1,0.855,0.9,4.6,5.6,5.2,0.9,0.6,3.8,2.5,22.2,0,ingrabr01,38095238
8,Tyrese Maxey,24,PHI,PG,52,52,37.7,9.2,21,0.437,3.1,9.2,0.337,6.1,11.8,0.515,0.511,4.9,5.6,0.879,0.3,3.1,3.3,6.1,1.8,0.4,2.4,2.2,26.3,0,maxeyty01,37958760
54,Desmond Bane,26,MEM,SG,69,68,32,7.1,14.8,0.484,2.4,6.1,0.392,4.8,8.7,0.548,0.565,2.6,2.9,0.894,0.9,5.2,6.1,5.3,1.2,0.4,2.4,2.4,19.2,0,banede01,36725670
14,Damian Lillard,34,MIL,PG,58,58,36.1,7.7,17.1,0.448,3.4,9,0.376,4.3,8.1,0.528,0.547,6.2,6.8,0.921,0.5,4.2,4.7,7.1,1.2,0.2,2.8,1.7,24.9,1,lillada01,36620603
16,Kyrie Irving,32,DAL,SG,50,50,36.1,8.9,18.9,0.473,2.9,7.2,0.401,6.1,11.7,0.517,0.549,3.9,4.3,0.916,1.2,3.6,4.8,4.6,1.3,0.5,2.2,2,24.7,1,irvinky01,36620603
87,Jalen Suggs,23,ORL,PG,35,35,28.6,5.6,13.7,0.41,2.2,6.9,0.314,3.5,6.8,0.506,0.489,2.8,3.1,0.882,0.7,3.4,4,3.7,1.5,0.9,2.9,2.8,16.2,0,suggsja01,36566002
145,Rudy Gobert,32,MIN,C,72,72,33.2,4.7,7.1,0.669,0,0,,4.7,7.1,0.669,0.669,2.6,3.8,0.674,3.7,7.2,10.9,1.8,0.8,1.4,1.2,2.5,12,1,goberru01,35000000
10,Jalen Brunson,28,NYK,PG,65,65,35.4,9,18.5,0.488,2.3,6.1,0.383,6.7,12.4,0.539,0.551,5.7,6.9,0.821,0.4,2.5,2.9,7.3,0.9,0.1,2.5,2.1,26,0,brunsja01,34944001
56,Alperen ?eng?n,22,HOU,C,76,76,31.5,7.5,15,0.496,0.3,1.2,0.233,7.2,13.9,0.519,0.505,3.9,5.6,0.692,3.4,6.9,10.3,4.9,1.1,0.8,2.6,2.8,19.1,0,sengual01,33944954
103,Deandre Ayton,26,POR,C,40,40,30.2,6.6,11.7,0.566,0.2,0.8,0.188,6.5,10.9,0.594,0.573,1,1.5,0.667,3.1,7.1,10.2,1.6,0.8,1,1.7,2.2,14.4,0,aytonde01,33654814
103,Deandre Ayton,26,POR,C,40,40,30.2,6.6,11.7,0.566,0.2,0.8,0.188,6.5,10.9,0.594,0.573,1,1.5,0.667,3.1,7.1,10.2,1.6,0.8,1,1.7,2.2,14.4,0,aytonde01,33654814
43,Jalen Green,22,HOU,SG,82,82,32.9,7.4,17.5,0.423,2.9,8.1,0.354,4.6,9.5,0.482,0.505,3.3,4.1,0.813,0.5,4,4.6,3.4,0.9,0.3,2.5,1.5,21,0,greenja05,33584499
148,Khris Middleton,33,2TM,SF,37,21,22.8,4.3,9.1,0.475,1.3,3.6,0.361,3,5.5,0.549,0.546,1.9,2.3,0.857,0.4,3.4,3.7,4.1,0.9,0.2,1.5,2,11.9,0,middlkh01,33296296
76,Immanuel Quickley,25,TOR,PG,33,33,27.8,5.6,13.3,0.42,2.6,6.8,0.378,3,6.5,0.465,0.517,3.4,3.9,0.867,0.5,3.1,3.5,5.8,0.7,0.1,1.8,1.8,17.1,0,quickim01,32500000
157,Jrue Holiday,34,BOS,PG,62,62,30.6,4.1,9.2,0.443,1.7,4.9,0.353,2.4,4.3,0.547,0.538,1.1,1.2,0.909,1.2,3,4.3,3.9,1.1,0.4,1.2,1.6,11.1,0,holidjr01,32400000
105,Jerami Grant,30,POR,PF,47,47,32.4,4.6,12.2,0.373,2.3,6.3,0.365,2.3,5.9,0.381,0.467,3,3.5,0.849,0.6,2.9,3.5,2.1,0.9,1,1.4,2.3,14.4,0,grantje01,32000001
46,Jordan Poole,25,WAS,SG,68,68,29.4,6.7,15.5,0.432,3.5,9.1,0.378,3.3,6.4,0.51,0.544,3.6,4,0.883,0.5,2.5,3,4.5,1.3,0.4,3,3,20.5,0,poolejo01,31848215
26,Tyler Herro,25,MIA,SG,77,77,35.4,8.5,17.9,0.472,3.3,8.7,0.375,5.2,9.2,0.565,0.563,3.7,4.2,0.878,0.5,4.7,5.2,5.5,0.9,0.2,2.6,1.1,23.9,0,herroty01,31000000
61,Julius Randle,30,MIN,PF,69,69,32.3,6.6,13.6,0.485,1.6,4.6,0.344,5,9.1,0.555,0.542,3.9,4.9,0.806,2.1,5,7.1,4.7,0.7,0.2,2.8,2.5,18.7,0,randlju01,30864198
74,Dejounte Murray,28,NOP,PG,31,31,32.6,6.3,15.9,0.393,1.7,5.6,0.299,4.6,10.3,0.444,0.445,3.3,4,0.823,0.5,5.9,6.5,7.4,2,0.4,3.4,2,17.5,0,murrade01,30801103
51,Kristaps Porzi??is,29,BOS,C,42,42,28.8,6.6,13.7,0.483,2.5,6,0.412,4.1,7.7,0.537,0.572,3.8,4.7,0.809,1.6,5.1,6.8,2.1,0.7,1.5,1.3,2.8,19.5,0,porzikr01,30731707
42,CJ McCollum,33,NOP,PG,56,56,32.7,7.9,17.9,0.444,3.1,8.2,0.373,4.9,9.7,0.505,0.53,2.2,3.1,0.717,0.8,3,3.8,4.1,0.8,0.4,1.9,2.2,21.1,0,mccolcj01,30666666
59,Jalen Johnson,23,ATL,SF,36,36,35.7,7.5,15.1,0.5,1.2,3.9,0.312,6.3,11.1,0.566,0.541,2.6,3.5,0.746,1.7,8.3,10,5,1.6,1,2.9,1.9,18.9,0,johnsja05,30000000
155,Isaiah Hartenstein,26,OKC,C,57,53,27.9,4.9,8.4,0.581,0,0.3,0,4.9,8.1,0.605,0.581,1.4,2.1,0.675,2.9,7.9,10.7,3.8,0.8,1.1,1.7,3,11.2,0,harteis01,28500000
69,Andrew Wiggins,29,2TM,SF,60,60,30.7,6.3,14,0.448,2.2,5.8,0.374,4.1,8.2,0.501,0.526,3.3,4.3,0.763,1.5,3,4.5,2.6,1,0.8,1.7,1.7,18,0,wiggian01,28223215
82,Derrick White,30,BOS,SG,76,76,33.9,5.6,12.6,0.442,3.5,9.1,0.384,2.1,3.5,0.593,0.58,1.8,2.1,0.839,0.9,3.6,4.5,4.8,0.9,1.1,1.7,1.8,16.4,0,whitede01,28100000
41,RJ Barrett,24,TOR,SF,58,58,32.2,7.9,16.9,0.468,1.8,5.3,0.35,6.1,11.7,0.522,0.523,3.4,5.4,0.63,1.1,5.3,6.3,5.4,0.8,0.3,2.8,2.4,21.1,0,barrerj01,27705357
53,Anfernee Simons,25,POR,SG,70,70,32.7,6.8,16.1,0.426,3.1,8.5,0.363,3.8,7.6,0.496,0.521,2.5,2.8,0.902,0.4,2.3,2.7,4.8,0.9,0.1,2,1.7,19.3,0,simonan01,27678571
84,Devin Vassell,24,SAS,SG,64,53,31,6.2,13.9,0.443,2.5,6.7,0.368,3.7,7.2,0.513,0.532,1.5,1.9,0.792,0.5,3.5,4,2.9,1.3,0.5,1.4,1.7,16.3,0,vassede01,27000000
171,Terry Rozier,30,MIA,PG,64,23,25.9,3.9,9.9,0.391,1.4,4.8,0.295,2.5,5.1,0.48,0.462,1.4,1.7,0.852,0.7,3,3.7,2.6,0.6,0.2,1.2,1.1,10.6,0,roziete01,26643031
116,Tobias Harris,32,DET,PF,73,73,31.6,5.3,11,0.477,1.2,3.6,0.345,4,7.4,0.542,0.534,2,2.3,0.861,0.9,5,5.9,2.2,1,0.8,1.2,1.9,13.7,0,harrito02,26634146
57,John Collins,27,UTA,PF,40,31,30.5,7,13.3,0.527,1.5,3.7,0.399,5.5,9.6,0.577,0.583,3.5,4.1,0.848,2.2,6,8.2,2,1,1,2.6,2.9,19,0,collijo01,26580000
224,Draymond Green,34,GSW,PF,68,66,29.2,3.2,7.5,0.424,1.2,3.6,0.325,2,3.9,0.517,0.503,1.5,2.2,0.687,1.1,5,6.1,5.6,1.5,1,2.6,3.2,9,1,greendr01,25892857
179,Nic Claxton,25,BRK,C,70,62,26.9,4.6,8.1,0.563,0.1,0.3,0.238,4.5,7.8,0.576,0.568,1.1,2.2,0.513,2.2,5.1,7.4,2.2,0.9,1.4,1.2,2.1,10.3,0,claxtni01,25352272
89,Myles Turner,28,IND,C,72,72,30.2,5.4,11.3,0.481,2.2,5.5,0.396,3.3,5.8,0.561,0.577,2.6,3.3,0.773,1.3,5.3,6.5,1.5,0.8,2,1.7,2.5,15.6,0,turnemy01,25318251
40,Trey Murphy III,24,NOP,SF,53,51,35,7.2,15.8,0.454,3,8.3,0.361,4.2,7.6,0.556,0.548,3.8,4.3,0.887,0.9,4.2,5.1,3.5,1.1,0.7,1.9,2.1,21.2,0,murphtr02,25000000
48,Miles Bridges,26,CHO,PF,64,64,31.7,7.3,17,0.431,2.2,7,0.313,5.1,10,0.513,0.495,3.5,4,0.87,1.1,6.4,7.5,3.9,0.7,0.7,2.1,1.5,20.3,0,bridgmi02,25000000
101,Josh Giddey,22,CHI,PG,70,69,30.2,5.3,11.4,0.465,1.5,4,0.378,3.8,7.4,0.512,0.531,2.5,3.2,0.781,1.8,6.3,8.1,7.2,1.2,0.6,2.9,1.7,14.6,0,giddejo01,25000000
108,Dyson Daniels,21,ATL,SG,76,76,33.8,6,12.1,0.493,1.1,3.1,0.34,4.9,9.1,0.545,0.536,1.1,1.8,0.593,1.6,4.3,5.9,4.4,3,0.7,2,2.3,14.1,1,daniedy01,25000000
111,Fred VanVleet,30,HOU,PG,60,60,35.2,4.8,12.7,0.378,2.7,7.7,0.345,2.1,5,0.43,0.483,1.9,2.3,0.81,0.5,3.2,3.7,5.6,1.6,0.4,1.5,2.3,14.1,0,vanvlfr01,25000000
71,Mikal Bridges,28,NYK,SF,82,82,37,7.2,14.4,0.5,2,5.6,0.354,5.2,8.8,0.594,0.57,1.2,1.4,0.814,0.9,2.3,3.2,3.7,0.9,0.5,1.6,1.5,17.6,0,bridgmi01,24900000
78,Bradley Beal,31,PHO,SG,53,38,32.1,6.5,13.1,0.497,1.9,5,0.386,4.6,8.1,0.565,0.571,2.1,2.6,0.803,0.6,2.7,3.3,3.7,1.1,0.5,1.9,2.6,17,0,bealbr01,24737010
78,Bradley Beal,31,PHO,SG,53,38,32.1,6.5,13.1,0.497,1.9,5,0.386,4.6,8.1,0.565,0.571,2.1,2.6,0.803,0.6,2.7,3.3,3.7,1.1,0.5,1.9,2.6,17,0,bealbr01,24737010
33,DeMar DeRozan,35,SAC,SF,77,77,35.9,8.1,17,0.477,1.1,3.3,0.328,7,13.7,0.513,0.509,4.9,5.7,0.857,0.6,3.2,3.9,4.4,0.8,0.4,1.4,1.9,22.2,0,derozde01,24570000
140,Jaden McDaniels,24,MIN,PF,82,82,31.9,4.9,10.2,0.477,1.2,3.7,0.33,3.6,6.5,0.561,0.537,1.3,1.6,0.813,1.6,4.2,5.7,2,1.3,0.9,1.2,2.7,12.2,0,mcdanja02,24393104
134,Keegan Murray,24,SAC,PF,76,76,34.3,4.8,10.8,0.444,2,5.9,0.343,2.8,4.9,0.566,0.538,0.8,0.9,0.833,1.9,4.8,6.7,1.4,0.8,0.9,0.8,2.4,12.4,0,murrake02,24137936
91,Jonathan Kuminga,22,GSW,PF,47,10,24.3,5.5,12.1,0.454,1,3.2,0.305,4.5,8.9,0.508,0.495,3.3,5,0.668,1.2,3.4,4.6,2.2,0.8,0.4,1.5,1.9,15.3,0,kuminjo01,23799569
141,Jabari Smith Jr.,21,HOU,PF,57,39,30.1,4.4,9.9,0.438,1.7,4.9,0.354,2.6,5.1,0.519,0.525,1.8,2.2,0.825,1.8,5.2,7,1.1,0.4,0.7,1.1,2.2,12.2,0,smithja05,23643411
77,De'Andre Hunter,27,2TM,SF,64,9,27.2,5.6,11.9,0.47,2.5,6.1,0.405,3.1,5.8,0.537,0.573,3.4,4,0.846,0.7,3.3,4,1.4,0.8,0.2,1.3,2.4,17,0,huntede01,23303571
98,Aaron Gordon,29,DEN,PF,51,42,28.4,5.2,9.7,0.531,1.5,3.4,0.436,3.7,6.4,0.582,0.607,2.8,3.5,0.81,1.6,3.3,4.8,3.2,0.5,0.3,1.4,1.6,14.7,0,gordoaa01,22841455
96,Kyle Kuzma,29,2TM,PF,65,62,29.8,5.7,13,0.436,1.5,4.8,0.307,4.2,8.2,0.512,0.493,2,3.1,0.634,0.8,4.9,5.7,2.3,0.6,0.3,2.2,1.8,14.8,0,kuzmaky01,22410605
239,Kentavious Caldwell-Pope,31,ORL,SG,77,77,29.6,3.1,7.1,0.439,1.5,4.3,0.342,1.6,2.8,0.589,0.543,1.1,1.2,0.863,0.4,1.8,2.2,1.8,1.3,0.4,0.8,1.8,8.7,0,caldwke01,21621500
90,Christian Braun,23,DEN,SG,79,77,33.9,6,10.4,0.58,1.1,2.8,0.397,4.9,7.6,0.648,0.634,2.2,2.7,0.827,1.2,3.9,5.2,2.6,1.1,0.5,1,2.2,15.4,0,braunch01,21551726
107,Naz Reid,25,MIN,C,80,17,27.5,5.3,11.5,0.462,2.2,5.8,0.379,3.1,5.8,0.544,0.556,1.4,1.8,0.776,1.2,4.9,6,2.3,0.7,0.9,1.4,2.4,14.2,1,reidna01,21551724
65,Nikola Vu?evi?,34,CHI,C,73,72,31.2,7.5,14.2,0.53,1.8,4.4,0.402,5.8,9.8,0.587,0.592,1.6,2,0.805,2.4,7.6,10.1,3.5,0.8,0.7,1.6,2.2,18.5,0,vucevni01,21481481
112,Dillon Brooks,29,HOU,SF,75,75,31.8,5.1,11.9,0.429,2.5,6.3,0.397,2.6,5.7,0.465,0.533,1.3,1.6,0.818,1,2.7,3.7,1.7,0.8,0.2,1,3.2,14,0,brookdi01,21124110
60,Cameron Johnson,28,BRK,PF,57,57,31.6,6.2,13.1,0.475,2.8,7.2,0.39,3.4,5.9,0.578,0.582,3.5,3.9,0.893,0.9,3.4,4.3,3.4,0.9,0.4,1.7,1.8,18.8,0,johnsca02,21057065
36,Norman Powell,31,LAC,SG,60,60,32.6,7.6,15.8,0.484,3,7.1,0.418,4.6,8.6,0.538,0.578,3.6,4.4,0.804,0.4,2.8,3.2,2.1,1.2,0.2,1.8,1.9,21.8,0,powelno01,20482758
64,Shaedon Sharpe,21,POR,SG,72,52,31.3,6.9,15.3,0.452,2,6.6,0.311,4.9,8.8,0.557,0.519,2.6,3.4,0.785,0.9,3.6,4.5,2.8,0.9,0.2,2.1,1.7,18.5,0,sharpsh01,20089287
118,Jarrett Allen,26,CLE,C,82,82,28,5.5,7.8,0.706,0,0.1,0,5.5,7.7,0.712,0.706,2.4,3.4,0.718,2.6,7.1,9.7,1.9,0.9,0.9,1.2,1.5,13.5,0,allenja01,20000000
223,Marcus Smart,30,2TM,PG,34,7,20,3,7.6,0.393,1.4,4.1,0.348,1.5,3.4,0.448,0.488,1.6,2.1,0.761,0.5,1.6,2.1,3.2,1.1,0.3,1.6,1.6,9,0,smartma01,19920855
102,Jakob Poeltl,29,TOR,C,57,56,29.6,6.4,10.2,0.627,0,0.1,0.333,6.4,10.1,0.628,0.628,1.7,2.5,0.674,3.3,6.3,9.6,2.8,1.2,1.2,1.9,3.1,14.5,0,poeltja01,19500000
117,Josh Hart,29,NYK,SG,77,77,37.6,5.2,10,0.525,1.1,3.3,0.333,4.2,6.7,0.618,0.579,2.1,2.7,0.776,2.1,7.5,9.6,5.9,1.5,0.4,2.1,2.6,13.6,0,hartjo01,19472240
229,Jusuf Nurki?,30,2TM,C,51,32,20.8,3.3,6.9,0.477,0.6,2.1,0.305,2.7,4.8,0.551,0.523,1.7,2.5,0.664,1.7,6.1,7.8,2.3,0.8,0.7,1.9,2.5,8.9,0,nurkiju01,19375000
136,Harrison Barnes,32,SAS,PF,82,82,27.2,4.2,8.3,0.508,1.9,4.4,0.433,2.3,3.9,0.591,0.622,2,2.4,0.809,1.2,2.6,3.8,1.7,0.5,0.2,0.6,0.9,12.3,0,barneha02,19000000
66,Collin Sexton,26,UTA,SG,63,61,27.9,6.6,13.8,0.48,1.7,4.3,0.406,4.9,9.5,0.513,0.543,3.4,4,0.865,1,1.8,2.7,4.2,0.7,0.1,2.5,2.3,18.4,0,sextoco01,18975000
81,Ivica Zubac,27,LAC,C,80,80,32.8,7.4,11.8,0.628,0,0,,7.4,11.8,0.628,0.628,2,3,0.661,3.8,8.9,12.6,2.7,0.7,1.1,1.6,2.1,16.8,0,zubaciv01,18893980
75,Malik Monk,26,SAC,SG,65,45,31.6,6.3,14.4,0.439,2.1,6.6,0.325,4.2,7.9,0.534,0.513,2.4,2.7,0.865,0.5,3.3,3.8,5.6,0.9,0.6,2.4,2.4,17.2,0,monkma01,18797619
132,Santi Aldama,24,MEM,PF,65,16,25.5,4.8,10,0.483,1.8,5,0.368,3,5,0.599,0.576,1,1.4,0.691,1.4,5,6.4,2.9,0.8,0.4,1.1,1.2,12.5,0,aldamsa01,18485916
123,Rui Hachimura,26,LAL,PF,59,57,31.7,5,9.8,0.509,1.7,4.2,0.413,3.2,5.6,0.581,0.597,1.5,1.9,0.77,1.3,3.7,5,1.4,0.8,0.4,0.8,1.8,13.1,0,hachiru01,18259259
186,Luguentz Dort,25,OKC,SF,71,71,29.2,3.6,8.4,0.435,2.4,5.8,0.412,1.2,2.5,0.489,0.578,0.5,0.6,0.717,1.3,2.9,4.1,1.6,1.1,0.5,0.7,2.9,10.1,0,dortlu01,18222222
191,Andrew Nembhard,25,IND,SG,65,65,28.9,3.8,8.3,0.458,0.8,2.7,0.291,3,5.6,0.538,0.506,1.7,2.1,0.794,0.5,2.8,3.3,5,1.2,0.2,1.7,2.3,10,0,nembhan01,18102000
215,Wendell Carter Jr.,25,ORL,C,68,51,25.9,3.3,7.2,0.46,0.5,2.3,0.234,2.8,4.9,0.568,0.498,1.9,2.6,0.737,2.2,5,7.2,2,0.8,0.6,1.1,2.9,9.1,0,cartewe01,18102000
294,Alex Caruso,30,OKC,SG,54,3,19.3,2.6,5.8,0.446,1.1,3.1,0.353,1.5,2.7,0.556,0.541,0.8,0.9,0.824,0.7,2.2,2.9,2.5,1.6,0.6,0.7,1.9,7.1,1,carusal01,18102000
326,Zach Collins,27,2TM,PF,64,12,15.3,2.4,4.7,0.507,0.5,1.7,0.302,1.9,3.1,0.617,0.56,1.1,1.2,0.885,1.6,2.9,4.5,1.7,0.5,0.5,0.9,2.1,6.4,0,colliza01,18080496
154,Toumani Camara,24,POR,PF,78,78,32.7,4.2,9.2,0.458,1.7,4.6,0.375,2.5,4.6,0.542,0.552,1.2,1.6,0.722,2.2,3.6,5.8,2.2,1.5,0.6,1.4,2.9,11.3,0,camarto01,18080358
228,Patrick Williams,23,CHI,PF,63,36,25,3.3,8.2,0.397,1.5,4.3,0.353,1.7,3.9,0.447,0.49,1,1.3,0.723,0.7,3.1,3.8,2,0.8,0.5,1.4,1.4,9,0,willipa01,18000000
193,Kevin Huerter,26,2TM,SG,69,31,24.3,3.7,8.8,0.425,1.9,5.7,0.338,1.8,3.1,0.587,0.535,0.5,0.7,0.714,0.4,2.5,3,2.3,1,0.3,1,1.8,9.9,0,huertke01,17991071
129,Keldon Johnson,25,SAS,SF,77,0,23.9,4.8,10,0.482,1.1,3.6,0.318,3.7,6.4,0.573,0.538,1.9,2.5,0.773,1.5,3.4,4.8,1.6,0.6,0.3,1,1.5,12.7,0,johnske04,17500000
169,Grayson Allen,29,PHO,SG,64,7,24.1,3.4,7.6,0.448,2.3,5.5,0.426,1.1,2.2,0.504,0.6,1.5,1.8,0.816,0.5,2.5,3,2.1,0.8,0.3,1.2,1.5,10.6,0,allengr01,16875000
162,Duncan Robinson,30,MIA,SF,74,37,24.1,3.9,9,0.437,2.6,6.5,0.393,1.4,2.4,0.556,0.581,0.6,0.7,0.887,0.2,2,2.3,2.4,0.5,0.1,1.2,1.8,11,0,robindu01,16834692
114,Klay Thompson,34,DAL,SF,72,72,27.3,5,12.2,0.412,3,7.7,0.391,2,4.5,0.448,0.535,0.9,1,0.905,0.6,2.8,3.4,2,0.7,0.4,1.2,1.1,14,0,thompkl01,16666667
168,Nikola Jovi?,21,MIA,PF,46,10,25.1,3.7,8.2,0.456,1.7,4.6,0.371,2,3.6,0.563,0.56,1.6,1.9,0.828,0.6,3.3,3.9,2.8,0.8,0.3,1.3,1.8,10.7,0,jovicni01,16200000
165,Bogdan Bogdanovi?,32,2TM,SG,54,4,25,3.9,9.1,0.427,1.9,5.4,0.363,1.9,3.8,0.517,0.534,1.1,1.2,0.879,0.4,2.5,2.9,2.7,0.8,0.2,1.4,2.4,10.8,0,bogdabo01,16020000
209,Max Strus,28,CLE,SF,50,37,25.5,3.3,7.5,0.442,2.3,5.9,0.386,1,1.6,0.65,0.594,0.6,0.7,0.824,1.1,3.3,4.3,3.2,0.5,0.2,1.1,2.1,9.4,0,strusma01,15936452
269,Terance Mann,28,2TM,SG,67,13,21.1,3.1,6.2,0.496,0.9,2.4,0.368,2.2,3.7,0.58,0.569,0.7,1,0.691,1,2,3,1.8,0.7,0.2,0.7,1.9,7.7,0,mannte01,15500000
11,Paolo Banchero,22,ORL,PF,46,46,34.4,9,19.8,0.452,1.9,5.9,0.32,7.1,13.9,0.509,0.5,6.1,8.4,0.727,1.1,6.4,7.5,4.8,0.8,0.6,3,2.1,25.9,0,banchpa01,15334769
206,Nickeil Alexander-Walker,26,MIN,SG,82,10,25.3,3.3,7.5,0.438,1.7,4.5,0.381,1.6,3,0.524,0.553,1.1,1.4,0.78,0.7,2.6,3.2,2.7,0.6,0.4,1.2,1.7,9.4,0,alexani01,15161800
119,Onyeka Okongwu,24,ATL,C,74,40,27.9,5.2,9.2,0.567,0.6,2,0.324,4.6,7.2,0.634,0.602,2.2,2.9,0.759,3,5.9,8.9,2.3,0.9,0.9,1.2,2.6,13.4,0,okongon01,15000000
344,Isaiah Stewart,23,DET,C,72,4,19.9,2.4,4.4,0.559,0.2,0.7,0.321,2.2,3.6,0.607,0.586,0.9,1.2,0.759,1.8,3.7,5.5,1.7,0.4,1.4,0.9,2.5,6,0,stewais01,15000000
365,Jonathan Isaac,27,ORL,PF,71,1,15.4,1.9,4.6,0.414,0.5,2.1,0.258,1.3,2.4,0.549,0.474,1,1.5,0.682,1.7,2.7,4.4,0.6,0.9,1.1,0.5,1.3,5.4,0,isaacjo01,15000000
139,Daniel Gafford,26,DAL,C,57,31,21.5,5,7.1,0.702,0,0,,5,7.1,0.702,0.702,2.4,3.4,0.689,2.7,4.1,6.8,1.4,0.4,1.8,1.2,2.7,12.3,0,gaffoda01,14386320
79,Deni Avdija,24,POR,SF,72,54,30,5.6,11.7,0.476,1.7,4.8,0.365,3.8,7,0.552,0.55,4,5.2,0.78,1.5,5.7,7.3,3.9,1,0.5,2.7,2.4,16.9,0,avdijde01,14375000
99,P.J. Washington,26,DAL,PF,57,56,32.2,5.3,11.7,0.453,1.6,4.2,0.381,3.7,7.5,0.493,0.521,2.5,3.5,0.722,1.4,6.3,7.8,2.3,1.1,1.1,2.1,2.3,14.7,0,washipj01,14152174
432,Steven Adams,31,HOU,C,58,3,13.7,1.6,2.9,0.545,0,0,0,1.6,2.8,0.552,0.545,0.7,1.6,0.462,2.9,2.8,5.6,1.1,0.4,0.5,0.9,1,3.9,0,adamsst01,14130434
142,Caris LeVert,30,2TM,SG,64,3,24.9,4.4,9.4,0.467,1.7,4.4,0.373,2.7,4.9,0.552,0.556,1.7,2.4,0.71,0.6,2.5,3.2,3.4,0.9,0.5,1.2,1.5,12.1,0,leverca01,14104000
122,Dennis Schr?der,31,3TM,PG,75,49,28.1,4.5,11,0.406,1.7,4.9,0.342,2.8,6.1,0.458,0.483,2.4,2.9,0.838,0.4,2.3,2.6,5.4,0.9,0.2,1.9,2.4,13.1,0,schrode01,14104000
172,Obi Toppin,26,IND,PF,79,4,19.6,4,7.6,0.529,1.4,3.8,0.365,2.6,3.8,0.695,0.621,1.1,1.4,0.781,0.7,3.3,4,1.6,0.6,0.4,0.9,1.4,10.5,0,toppiob01,14000000
152,Corey Kispert,25,WAS,SF,61,0,26.3,4.2,9.3,0.451,2,5.4,0.364,2.2,3.9,0.574,0.558,1.2,1.4,0.852,0.6,2.4,3,1.7,0.4,0.2,1,1.6,11.6,0,kispeco01,13975000
49,Austin Reaves,26,LAL,SG,73,73,34.9,6.5,14.2,0.46,2.7,7.3,0.377,3.8,6.9,0.547,0.556,4.4,5,0.877,0.8,3.7,4.5,5.8,1.1,0.3,2.4,2.1,20.2,0,reaveau01,13937574
180,Herbert Jones,26,NOP,SF,20,20,32.4,3.8,8.6,0.436,1.1,3.6,0.306,2.7,5,0.53,0.5,1.7,2,0.825,1.1,2.8,3.9,3.3,1.9,0.5,1.8,3.3,10.3,0,joneshe01,13937574
277,Josh Green,24,CHO,SG,68,67,27.8,2.6,6.2,0.428,1.4,3.6,0.391,1.2,2.5,0.48,0.543,0.7,1.1,0.681,0.8,1.7,2.5,1.6,1.1,0.2,1,2.4,7.4,0,greenjo02,13666667
176,Grant Williams,26,CHO,PF,16,7,29.9,3.4,7.7,0.439,1.7,4.6,0.365,1.7,3.1,0.551,0.549,1.9,2.3,0.838,1.1,4,5.1,2.3,1.1,0.8,1.8,2.9,10.4,0,willigr01,13645500
115,Bobby Portis,29,MIL,PF,49,7,25.4,5.7,12.1,0.466,1.3,3.6,0.365,4.3,8.5,0.508,0.52,1.2,1.5,0.836,1.8,6.6,8.4,2.1,0.7,0.5,1.2,1.9,13.9,0,portibo01,13445754
236,Kelly Olynyk,33,2TM,C,44,22,20.3,3,6.1,0.5,0.8,1.8,0.418,2.3,4.3,0.534,0.562,1.9,2.5,0.769,1.4,3.3,4.7,2.9,0.8,0.4,1.7,2.8,8.7,0,olynyke01,13445122
21,Victor Wembanyama,21,SAS,C,46,46,33.2,8.9,18.6,0.476,3.1,8.8,0.352,5.8,9.9,0.586,0.559,3.4,4.1,0.836,1.8,9.2,11,3.7,1.1,3.8,3.2,2.3,24.3,0,wembavi01,13376880
357,Robert Williams,27,POR,C,20,3,17.6,2.5,3.9,0.641,0.1,0.2,0.333,2.5,3.8,0.653,0.647,0.8,0.9,0.882,1.8,4.2,5.9,1.1,0.7,1.7,0.9,1.6,5.8,0,williro04,13285713
131,Zaccharie Risacher,19,ATL,SF,75,73,24.6,4.8,10.4,0.458,1.6,4.6,0.355,3.1,5.8,0.54,0.537,1.4,2,0.711,1.1,2.4,3.6,1.2,0.7,0.5,1.2,2,12.6,0,risacza01,13197720
378,Mitchell Robinson,26,NYK,C,17,3,17.1,2.2,3.3,0.661,0,0,,2.2,3.3,0.661,0.661,0.8,1.1,0.684,3.1,2.9,5.9,0.8,0.9,1.1,0.6,1.5,5.1,0,robinmi01,12954546
85,Jordan Clarkson,32,UTA,SG,37,9,26,5.4,13.3,0.408,2.3,6.3,0.362,3.2,7.1,0.448,0.493,3.1,3.9,0.797,0.7,2.5,3.2,3.7,0.8,0.2,2.3,1.4,16.2,0,clarkjo01,12947835
85,Jordan Clarkson,32,UTA,SG,37,9,26,5.4,13.3,0.408,2.3,6.3,0.362,3.2,7.1,0.448,0.493,3.1,3.9,0.797,0.7,2.5,3.2,3.7,0.8,0.2,2.3,1.4,16.2,0,clarkjo01,12947835
47,Coby White,24,CHI,SG,74,73,33.1,6.9,15.1,0.453,2.9,7.9,0.37,3.9,7.3,0.544,0.55,3.7,4.1,0.902,0.3,3.4,3.7,4.5,0.9,0.2,2.4,2.1,20.4,0,whiteco01,12888889
237,Dorian Finney-Smith,31,2TM,PF,63,40,28.9,3.1,6.9,0.448,2,5,0.411,1,1.9,0.545,0.597,0.5,0.7,0.667,1.3,2.7,3.9,1.4,0.9,0.4,0.9,2.2,8.7,0,finnedo01,12700000
256,Brandon Clarke,28,MEM,PF,64,18,18.9,3.7,5.9,0.621,0,0.3,0.059,3.7,5.7,0.647,0.622,1,1.4,0.701,2,3.1,5.1,1,0.8,0.6,0.6,2.3,8.3,0,clarkbr01,12500000
182,Isaiah Joe,25,OKC,SG,74,16,21.7,3.5,7.9,0.44,2.6,6.3,0.412,0.9,1.6,0.549,0.604,0.6,0.8,0.821,0.6,2.1,2.6,1.6,0.6,0.1,0.5,1.5,10.2,0,joeis01,12362338
150,Donte DiVincenzo,28,MIN,SG,62,10,25.9,4,9.6,0.422,2.8,7.1,0.397,1.2,2.5,0.49,0.568,0.8,1,0.778,0.5,3.2,3.7,3.6,1.2,0.3,1.6,1.8,11.7,0,divindo01,11990000
44,Brandon Miller,22,CHO,SF,27,27,34.2,7.3,18.2,0.403,3.9,10.9,0.355,3.5,7.3,0.475,0.509,2.5,2.9,0.861,0.9,3.9,4.9,3.6,1.1,0.7,2.8,2.7,21,0,millebr02,11968800
125,Alex Sarr,19,WAS,C,67,67,27.1,4.9,12.4,0.394,1.6,5.1,0.308,3.3,7.3,0.454,0.457,1.7,2.5,0.679,1.9,4.6,6.5,2.4,0.7,1.5,1.7,2.2,13,0,sarral01,11808240
264,Davion Mitchell,26,2TM,PG,74,37,27.4,3,6.4,0.468,1.1,2.9,0.398,1.9,3.6,0.525,0.557,0.8,1.1,0.69,0.5,1.8,2.3,4.9,1,0.2,1.7,2.5,7.9,0,mitchda01,11600000
199,Moses Moody,22,GSW,SG,74,34,22.3,3.3,7.7,0.433,1.7,4.6,0.374,1.6,3.1,0.519,0.544,1.4,1.8,0.797,0.7,1.9,2.6,1.3,0.8,0.4,0.7,1.6,9.8,0,moodymo01,11574075
426,Jarred Vanderbilt,25,LAL,PF,36,2,16.1,1.6,3.4,0.488,0.3,0.9,0.281,1.4,2.5,0.562,0.525,0.6,1,0.556,1.9,3.2,5.1,1.1,1,0.3,0.8,1.9,4.1,0,vandeja01,11571429
275,Matisse Thybulle,27,POR,SG,15,5,20.8,2.8,5.9,0.477,1.4,3.2,0.438,1.4,2.7,0.525,0.597,0.5,1,0.467,0.9,2.5,3.5,1.9,2.2,0.6,0.9,0.9,7.5,0,thybuma01,11550000
330,Gabe Vincent,28,LAL,PG,72,11,21.2,2.3,5.8,0.4,1.5,4.3,0.353,0.8,1.5,0.532,0.53,0.2,0.3,0.714,0.3,1,1.3,1.4,0.7,0.2,0.6,2.1,6.4,0,vincega01,11500000
259,Mike Conley,37,MIN,PG,71,64,24.7,2.6,6.6,0.4,1.8,4.4,0.41,0.8,2.2,0.38,0.535,1.1,1.3,0.9,0.5,2.1,2.6,4.5,1.1,0.2,1.1,1.6,8.2,0,conlemi01,11499872
146,Aaron Nesmith,25,IND,SF,45,37,24.9,4.3,8.4,0.507,1.9,4.3,0.431,2.4,4.1,0.587,0.617,1.6,1.8,0.913,0.8,3.1,4,1.2,0.8,0.4,0.8,2.5,12,0,nesmiaa01,11000000
232,Luke Kennard,28,MEM,SG,65,11,22.6,3.2,6.6,0.478,1.7,4,0.433,1.4,2.6,0.547,0.609,0.8,0.9,0.895,0.6,2.2,2.8,3.3,0.8,0.1,1.1,0.9,8.9,0,kennalu01,11000000
338,Isaac Okoro,24,CLE,SG,55,22,19.1,2.3,4.9,0.464,1,2.7,0.371,1.2,2.1,0.586,0.569,0.6,0.8,0.717,0.9,1.5,2.4,1.2,0.6,0.3,0.4,1.9,6.1,0,okorois01,11000000
342,Luke Kornet,29,BOS,C,73,16,18.6,2.6,3.8,0.668,0,0,0,2.6,3.8,0.675,0.668,0.9,1.3,0.691,2.6,2.7,5.3,1.6,0.5,1,0.4,1.6,6,0,kornelu01,11000000
467,Maxi Kleber,33,DAL,PF,34,4,18.7,1.1,2.8,0.385,0.4,1.4,0.265,0.7,1.4,0.511,0.453,0.5,0.6,0.762,0.7,2.1,2.8,1.3,0.3,0.5,0.7,1.9,3,0,klebima01,11000000
173,Jonas Valan?i?nas,32,2TM,C,81,21,18.8,4.3,7.7,0.55,0.1,0.5,0.216,4.2,7.3,0.571,0.557,1.8,2,0.879,2.3,5.4,7.7,2,0.5,0.6,1.5,2.2,10.4,0,valanjo01,10395000
219,T.J. McConnell,32,IND,PG,79,1,17.9,4.1,7.9,0.519,0.2,0.6,0.306,3.9,7.3,0.537,0.531,0.7,1,0.74,0.6,1.9,2.4,4.4,1.1,0.3,1.4,1,9.1,0,mccontj01,10200000
221,Royce O'Neale,31,PHO,SF,75,22,24.5,3.2,7.6,0.423,2.4,5.9,0.406,0.8,1.7,0.481,0.58,0.3,0.3,0.731,0.7,3.9,4.7,2.2,0.9,0.5,0.9,2,9.1,0,onealro01,10125000
249,Sam Hauser,27,BOS,PF,71,19,21.7,3,6.7,0.451,2.3,5.6,0.416,0.7,1.1,0.64,0.627,0.2,0.2,1,0.6,2.5,3.2,0.9,0.6,0.2,0.3,1.2,8.5,0,hausesa01,10044644
276,A.J. Green,25,MIL,SG,73,7,22.7,2.5,5.8,0.429,2.1,5,0.427,0.4,0.8,0.443,0.612,0.3,0.4,0.815,0.2,2.1,2.4,1.5,0.5,0.1,0.5,2.2,7.4,0,greenaj01,10044644
188,Derrick Jones Jr.,27,LAC,SF,77,55,24.3,4,7.6,0.526,1,2.8,0.356,3,4.8,0.627,0.593,1.1,1.5,0.703,1.2,2.2,3.4,0.8,1,0.4,0.9,2,10.1,0,jonesde02,10000000
272,Lonzo Ball,27,CHI,PG,35,14,22.2,2.5,6.9,0.366,1.9,5.6,0.344,0.6,1.4,0.458,0.504,0.6,0.8,0.815,0.7,2.7,3.4,3.3,1.3,0.5,1.2,1.6,7.6,0,balllo01,10000000
265,Caleb Martin,29,2TM,SF,45,24,27.1,2.9,6.8,0.424,0.8,2.3,0.359,2,4.5,0.458,0.485,1.4,2.2,0.622,1.2,2.8,3.9,2.1,1,0.5,1.2,1.9,7.9,0,martica02,9594044
156,Buddy Hield,32,GSW,SG,82,22,22.7,4,9.6,0.417,2.5,6.7,0.37,1.5,2.9,0.527,0.546,0.6,0.8,0.828,0.6,2.6,3.2,1.6,0.8,0.3,1.1,1.6,11.1,0,hieldbu01,9219512
349,Kyle Anderson,31,2TM,PF,61,4,16.4,2.3,5,0.469,0.4,1.1,0.357,1.9,3.8,0.502,0.51,0.8,1.1,0.738,0.9,2.5,3.4,2.4,0.7,0.5,0.6,1.3,5.9,0,anderky01,9219512
88,Bennedict Mathurin,22,IND,SF,72,49,29.8,5.4,11.8,0.458,1.4,4,0.34,4.1,7.8,0.519,0.516,3.8,4.6,0.831,1.2,4.1,5.3,1.9,0.7,0.3,1.9,2.3,16.1,0,mathube01,9187573
121,Naji Marshall,27,DAL,SF,69,31,27.8,5.2,10.3,0.508,0.9,3.2,0.275,4.4,7.2,0.611,0.551,1.9,2.3,0.813,1.1,3.7,4.8,3,1,0.2,1.6,1.6,13.2,0,marshna01,9000000
261,Jalen Smith,24,CHI,C,64,2,15,3,6.4,0.466,1.1,3.5,0.324,1.8,2.9,0.634,0.554,1.1,1.4,0.809,1.4,4.2,5.6,1,0.3,0.7,0.6,1.5,8.2,0,smithja04,9000000
124,Brook Lopez,36,MIL,C,80,80,31.8,4.9,9.7,0.509,1.7,4.7,0.373,3.2,5,0.636,0.599,1.4,1.7,0.826,1.4,3.6,5,1.8,0.6,1.9,1.1,2.1,13,0,lopezbr01,8750000
353,Jaylin Williams,22,OKC,PF,47,9,16.7,2.1,4.7,0.439,1.3,3.3,0.399,0.8,1.4,0.529,0.577,0.5,0.6,0.767,1,4.6,5.6,2.6,0.5,0.6,0.7,1.7,5.9,0,willija07,8450704
94,Kelly Oubre Jr.,29,PHI,SF,60,57,34.6,5.8,12.4,0.47,1.2,4,0.293,4.6,8.3,0.555,0.518,2.3,3.1,0.751,1.6,4.5,6.1,1.8,1.5,0.5,1.3,3,15.1,0,oubreke01,8382150
284,Goga Bitadze,25,ORL,C,70,42,20.4,3,4.8,0.611,0,0.4,0.107,2.9,4.4,0.656,0.615,1.2,1.9,0.639,2.4,4.2,6.6,2,0.7,1.4,1,2.1,7.2,0,bitadgo01,8333333
194,Georges Niang,31,2TM,PF,79,3,21.5,3.6,7.8,0.461,2.1,5.2,0.406,1.5,2.7,0.569,0.595,0.6,0.7,0.793,0.6,2.8,3.4,1.4,0.4,0.2,1,2.5,9.9,0,niangge01,8200000
462,Zeke Nnaji,24,DEN,PF,57,4,10.7,1.2,2.5,0.496,0.3,0.9,0.327,0.9,1.6,0.596,0.557,0.5,0.8,0.614,0.6,1,1.6,0.4,0.4,0.7,0.2,1.1,3.2,0,nnajize01,8177778
109,Tre Mann,23,CHO,PG,13,0,24.5,5.4,12.4,0.435,1.8,4.6,0.4,3.5,7.8,0.455,0.509,1.5,1.6,0.905,0.9,2,2.9,3,0.5,0.3,1.9,1.8,14.1,0,manntr01,8000000
283,Tre Jones,25,2TM,PG,46,9,19.7,2.8,5.2,0.538,0.4,1,0.396,2.4,4.1,0.574,0.578,1.2,1.5,0.821,0.7,1.8,2.5,4.2,0.8,0.2,0.8,1.2,7.2,0,jonestr01,8000000
397,Kevon Looney,28,GSW,C,76,6,15,1.9,3.7,0.514,0,0.1,0.4,1.9,3.6,0.516,0.518,0.7,1.3,0.566,2.4,3.6,6.1,1.6,0.6,0.5,0.5,2,4.5,0,looneke01,8000000
208,Anthony Black,21,ORL,PG,78,10,24.2,3.4,7.9,0.423,0.8,2.5,0.318,2.6,5.4,0.471,0.473,1.9,2.5,0.761,0.7,2.3,2.9,3.1,1.1,0.6,1.8,2.1,9.4,0,blackan01,7970280
153,Jeremy Sochan,21,SAS,PF,54,23,25.3,4.6,8.7,0.535,0.5,1.7,0.308,4.1,7,0.59,0.565,1.6,2.3,0.696,2.4,4.2,6.5,2.4,0.8,0.5,1.6,2.4,11.4,0,sochaje01,7874853
153,Jeremy Sochan,21,SAS,PF,54,23,25.3,4.6,8.7,0.535,0.5,1.7,0.308,4.1,7,0.59,0.565,1.6,2.3,0.696,2.4,4.2,6.5,2.4,0.8,0.5,1.6,2.4,11.4,0,sochaje01,7874853
201,Max Christie,21,2TM,SG,78,36,27.3,3.2,7.6,0.427,1.5,4,0.366,1.8,3.5,0.496,0.525,1.7,1.9,0.855,0.5,2.8,3.3,1.9,0.8,0.4,1.1,1.5,9.6,0,chrisma02,7714286
407,Jevon Carter,29,CHI,PG,36,1,8.9,1.5,4.1,0.377,1,2.9,0.333,0.6,1.1,0.488,0.497,0.2,0.3,0.8,0.1,1,1.1,1.1,0.4,0.1,0.3,0.4,4.3,0,carteje01,7680524
407,Jevon Carter,29,CHI,PG,36,1,8.9,1.5,4.1,0.377,1,2.9,0.333,0.6,1.1,0.488,0.497,0.2,0.3,0.8,0.1,1,1.1,1.1,0.4,0.1,0.3,0.4,4.3,0,carteje01,7680524
298,Isaiah Jackson,23,IND,C,5,1,16.8,2.8,4.6,0.609,0,0,,2.8,4.6,0.609,0.609,1.4,2.8,0.5,2.2,3.4,5.6,1,0.6,1.6,1,2.8,7,0,jacksis01,7600000
138,Ayo Dosunmu,25,CHI,SG,46,26,30.3,4.8,9.8,0.492,1.3,4.1,0.328,3.5,5.7,0.612,0.561,1.3,1.7,0.785,0.6,2.9,3.5,4.5,0.9,0.4,1.5,2.3,12.3,0,dosunay01,7518518
137,Bilal Coulibaly,20,WAS,SF,59,59,33,4.5,10.6,0.421,1.1,3.8,0.281,3.4,6.8,0.5,0.472,2.3,3.1,0.746,1.5,3.4,5,3.4,1.3,0.7,2.1,2.4,12.3,0,coulibi01,7275600
106,Payton Pritchard,27,BOS,PG,80,3,28.4,5.1,10.8,0.472,3.2,7.8,0.407,1.9,3,0.642,0.62,0.9,1.1,0.845,1.3,2.6,3.8,3.5,0.9,0.2,1,1.5,14.3,1,pritcpa01,7232143
319,Donovan Clingan,20,POR,C,67,37,19.8,2.7,5,0.539,0.2,0.7,0.286,2.5,4.3,0.582,0.56,0.9,1.6,0.596,3.2,4.6,7.9,1.1,0.5,1.6,1.1,2.8,6.5,0,clingdo01,7178400
333,Kenrich Williams,30,OKC,PF,69,7,16.4,2.5,5.1,0.483,1,2.5,0.386,1.5,2.7,0.574,0.576,0.4,0.6,0.718,0.9,2.6,3.5,1.4,0.6,0.1,0.6,1.6,6.3,0,willike04,7163000
183,Tyus Jones,28,PHO,PG,81,58,26.8,3.8,8.4,0.448,2,5,0.414,1.7,3.5,0.496,0.57,0.6,0.7,0.895,0.5,1.9,2.4,5.3,0.9,0.1,1.1,0.8,10.2,0,jonesty01,7000000
25,Cam Thomas,23,BRK,SG,25,23,31.2,8,18.2,0.438,2.7,7.8,0.349,5.2,10.4,0.506,0.513,5.3,6,0.881,0.6,2.7,3.3,3.8,0.6,0.1,2.5,1.8,24,0,thomaca02,6837779
25,Cam Thomas,23,BRK,SG,25,23,31.2,8,18.2,0.438,2.7,7.8,0.349,5.2,10.4,0.506,0.513,5.3,6,0.881,0.6,2.7,3.3,3.8,0.6,0.1,2.5,1.8,24,0,thomaca02,6837779
230,Clint Capela,30,ATL,C,55,41,21.4,4,7.1,0.559,0,0,0,4,7.1,0.56,0.559,0.9,1.8,0.536,3.2,5.4,8.5,1.1,0.6,1,0.9,1.9,8.9,0,capelca01,6700000
366,Dean Wade,28,CLE,PF,59,30,21.2,1.9,4.6,0.413,1.4,3.8,0.36,0.5,0.8,0.653,0.561,0.3,0.5,0.533,0.9,3.4,4.2,1.3,0.7,0.3,0.4,1.7,5.4,0,wadede01,6623456
149,Jalen Duren,21,DET,C,78,78,26.1,4.8,7,0.692,0,0,,4.8,7,0.692,0.692,2.1,3.1,0.669,3.6,6.8,10.3,2.7,0.7,1.1,1.7,3.2,11.8,0,durenja01,6483144
321,Haywood Highsmith,28,MIA,SF,74,42,24.6,2.4,5.3,0.458,1.2,3.1,0.382,1.2,2.1,0.57,0.572,0.4,0.6,0.721,1,2.4,3.4,1.5,0.9,0.5,0.7,2.2,6.5,0,highsha01,6443984
321,Haywood Highsmith,28,MIA,SF,74,42,24.6,2.4,5.3,0.458,1.2,3.1,0.382,1.2,2.1,0.57,0.572,0.4,0.6,0.721,1,2.4,3.4,1.5,0.9,0.5,0.7,2.2,6.5,0,highsha01,6443984
174,Ochai Agbaji,24,TOR,SG,64,45,27.2,4.2,8.3,0.498,1.6,4,0.399,2.6,4.4,0.587,0.593,0.5,0.8,0.708,1,2.8,3.8,1.5,0.9,0.5,0.8,2,10.4,0,agbajoc01,6383525
93,Mark Williams,23,CHO,C,44,41,26.6,6.1,10.2,0.604,0,0.1,0,6.1,10.1,0.609,0.604,3,3.7,0.804,3,7.2,10.2,2.5,0.7,1.2,1.6,2.4,15.3,0,willima07,6276531
267,Day'Ron Sharpe,23,BRK,C,50,2,18.2,3.3,6.3,0.521,0.2,0.9,0.244,3.1,5.4,0.566,0.538,1.1,1.5,0.757,3,3.6,6.6,1.8,0.8,0.8,1.3,2.3,7.9,0,sharpda01,6250000
214,Zach Edey,22,MEM,C,66,55,21.5,3.8,6.6,0.58,0.3,0.8,0.346,3.5,5.8,0.612,0.6,1.4,1.9,0.709,3.5,4.8,8.3,1,0.5,1.3,1.3,2.8,9.2,0,edeyza01,6045000
243,Jaden Hardy,22,DAL,SG,57,3,15.9,3.2,7.3,0.435,1.3,3.5,0.386,1.8,3.8,0.479,0.527,1.1,1.5,0.698,0.2,1.4,1.6,1.4,0.5,0.1,1.4,1.6,8.7,0,hardyja02,6000000
301,Jake LaRavia,23,2TM,PF,66,0,20.4,2.4,5.1,0.475,0.9,2.2,0.423,1.5,3,0.513,0.564,1.2,1.7,0.678,1.4,2.6,3.9,2.4,0.9,0.3,1.3,2,6.9,0,laravja01,6000000
