Player,Age,Team,Pos,G,GS,MP,MPG,PER,TS%,3PAr,FTr,ORB%,DRB%,TRB%,AST%,STL%,BLK%,TOV%,USG%,OWS,DWS,WS,WS/48,OBPM,DBPM,BPM,VORP,Salary,Pos_C,Pos_PF,Pos_PG,Pos_SF,Pos_SG,Awards
Shai Gilgeous-Alexander,26,OKC,PG,23,23,851,37,25.3,0.574,0.224,0.431,2.9,12.9,7.9,30.6,2.2,2.4,9.1,32.9,2.6,1.4,3.9,0.222,5.7,2.6,8.3,2.2,61005000,0,0,1,0,0,1
Jalen Williams,23,OKC,SG,23,23,796,34.60869565,19.1,0.544,0.29,0.323,3.2,14.2,8.7,22.3,2,1.1,8.3,26.3,1.3,1.2,2.5,0.153,2.5,1.7,4.2,1.2,41500000,0,0,0,0,1,1
Tyrese Haliburton,24,IND,PG,23,23,772,33.56521739,20,0.581,0.505,0.203,1.1,16.5,9.2,39.1,1.9,1.8,13.4,22.7,1.7,0.8,2.5,0.158,3.9,0.8,4.7,1.3,45550512,0,0,1,0,0,0
Pascal Siakam,30,IND,PF,23,23,771,33.52173913,20.3,0.598,0.24,0.358,4.8,16.5,11,16.4,1.8,1.9,7.1,24.4,1.8,0.8,2.6,0.161,3.1,1.1,4.3,1.2,45550512,0,1,0,0,0,1
Andrew Nembhard,25,IND,SG,23,23,769,33.43478261,12.9,0.59,0.386,0.206,2.2,8.5,5.6,19.7,2.2,0.6,14.7,16.4,0.8,0.6,1.5,0.091,-0.3,1.3,1,0.6,18797619,0,0,0,0,1,0
Mikal Bridges,28,NYK,SF,18,18,706,39.22222222,12.3,0.518,0.319,0.061,3.2,10.2,6.6,11.7,2.1,2.4,12.3,19,0,0.7,0.7,0.045,-0.9,1.2,0.3,0.4,33482145,0,0,0,1,0,0
OG Anunoby,27,NYK,PF,18,18,705,39.16666667,13.1,0.539,0.49,0.235,3.9,9.9,6.8,5.1,2.6,3.1,9.9,18.7,0.3,0.8,1.1,0.077,-0.1,1.2,1,0.5,39568966,0,1,0,0,0,0
Chet Holmgren,22,OKC,C,23,23,686,29.82608696,18.1,0.565,0.342,0.365,6.6,25.1,15.8,4.8,1.2,6.3,8.3,20.8,0.9,1.4,2.3,0.161,0.9,1.5,2.4,0.8,41500000,1,0,0,0,0,0
Jalen Brunson,28,NYK,PG,18,18,680,37.77777778,22.2,0.582,0.341,0.359,2,8.7,5.3,34,0.6,0.7,10.8,32.6,2.1,0.3,2.3,0.164,5.7,-0.8,4.9,1.2,35000000,0,0,1,0,0,1
Myles Turner,28,IND,C,23,23,675,29.34782609,14.9,0.607,0.411,0.438,5.1,13.3,9.4,6.9,0.9,6.2,12.7,19.6,0.7,0.7,1.4,0.097,-0.4,1,0.6,0.4,26580000,1,0,0,0,0,0
Luguentz Dort,25,OKC,SF,23,23,666,28.95652174,8.1,0.524,0.854,0.134,5.2,9.4,7.3,4,2.1,1.5,10.3,12.3,0.2,1,1.1,0.081,-2.3,1.4,-0.9,0.2,18975000,0,0,0,1,0,0
Aaron Nesmith,25,IND,SF,23,23,650,28.26086957,14.3,0.639,0.575,0.17,5.1,17.4,11.6,5.8,1.5,2.5,9.2,17.1,1,0.7,1.7,0.125,0.8,1,1.7,0.6,19418000,0,0,0,1,0,0
Josh Hart,29,NYK,SG,18,14,642,35.66666667,15.1,0.599,0.375,0.465,7.8,21,14.2,17.7,1.6,1.6,16.8,14.1,1.1,0.7,1.8,0.138,1.1,2.3,3.4,0.9,21057065,0,0,0,0,1,0
Karl-Anthony Towns,29,NYK,C,18,18,639,35.5,19.1,0.589,0.26,0.34,6.7,31.6,18.9,6.3,1,1.9,10.9,25,1,0.8,1.9,0.142,1.6,-0.2,1.4,0.5,53142264,1,0,0,0,0,1
Anthony Edwards,23,MIN,SG,15,15,585,39,20.2,0.564,0.436,0.299,3.6,19.5,11.7,23.7,1.5,1.9,10.4,27.9,1.1,0.7,1.9,0.154,4.8,1.2,6,1.2,45550512,0,0,0,0,1,1
Jamal Murray,27,DEN,PG,14,14,578,41.28571429,15.1,0.555,0.384,0.224,1.7,11,6.4,21.1,1.5,1.7,13.8,23.8,0.4,0.4,0.8,0.065,1.9,0.2,2.1,0.6,46394100,0,0,1,0,0,0
Alex Caruso,30,OKC,SG,23,0,562,24.43478261,15.1,0.598,0.563,0.244,3.3,8.8,6,12.6,3.9,2.3,9.7,14.8,0.9,1.1,2,0.169,0.4,4.7,5,1,18893980,0,0,0,0,1,0
Christian Braun,23,DEN,SG,14,14,544,38.85714286,11.9,0.548,0.473,0.209,5.1,12.9,9,9.3,1.6,1.7,8,14,0.6,0.4,1,0.086,0.2,0.8,1,0.4,21551726,0,0,0,0,1,0
Julius Randle,30,MIN,PF,15,15,533,35.53333333,18.9,0.622,0.341,0.328,6,13.2,9.6,22.9,1.1,0.4,15.8,25.3,1.2,0.5,1.7,0.152,3.4,0.8,4.2,0.8,32400000,0,1,0,0,0,0
Aaron Gordon,29,DEN,PF,14,14,522,37.28571429,15.8,0.601,0.347,0.299,10.6,11.6,11.1,11.4,0.8,0.9,12.1,17.8,1,0.2,1.3,0.116,3.1,-0.9,2.2,0.5,33658037,0,1,0,0,0,0
Isaiah Hartenstein,26,OKC,C,23,20,516,22.43478261,18.3,0.632,0,0.224,13.2,23.4,18.2,14.3,1.8,2.3,15.5,14.3,1.1,1,2.1,0.199,0.9,2.6,3.5,0.7,30801103,1,0,0,0,0,0
Jaden McDaniels,24,MIN,PF,15,15,497,33.13333333,15.6,0.607,0.325,0.166,6.4,13.2,9.8,7.2,1.9,2.6,9,17.4,0.9,0.6,1.5,0.143,0.6,2,2.6,0.6,25000000,0,1,0,0,0,0
Obi Toppin,26,IND,PF,23,0,440,19.13043478,14.3,0.578,0.456,0.211,3.6,18.7,11.6,10.4,1.7,1.7,11.4,21.2,0.2,0.5,0.7,0.076,0.1,0.3,0.4,0.3,14130434,0,1,0,0,0,0
Michael Porter Jr.,26,DEN,SF,14,14,435,31.07142857,8.2,0.507,0.583,0.117,3.6,15.6,9.7,3,1,1.3,9.3,13.8,0,0.3,0.2,0.025,-1.1,-1.1,-2.2,0,38333050,0,0,0,1,0,0
Derrick White,30,BOS,SG,11,11,415,37.72727273,18.8,0.636,0.707,0.245,3.9,11,7.6,15.8,0.9,2.7,7.4,19.3,1.3,0.5,1.8,0.208,5.1,1.4,6.6,0.9,30666666,0,0,0,0,1,0
Rudy Gobert,32,MIN,C,15,15,411,27.4,14.4,0.584,0,0.633,13.5,22.9,18.3,3.8,1,4.3,11.4,12,0.6,0.6,1.2,0.138,-0.8,0.4,-0.3,0.2,35000000,1,0,0,0,0,1
T.J. McConnell,32,IND,PG,23,0,402,17.47826087,19,0.583,0.109,0.154,3.7,17.2,10.8,38,2.4,0.5,19.1,25.4,0.4,0.5,0.9,0.103,1.3,1.3,2.6,0.5,11000000,0,0,1,0,0,0
Jaylen Brown,28,BOS,SF,11,11,402,36.54545455,16.1,0.542,0.323,0.338,3.8,17.6,10.9,19.7,1.4,0.7,14.8,29.9,0.1,0.6,0.7,0.083,-0.1,0.3,0.2,0.2,53142264,0,0,0,1,0,1
Jimmy Butler,35,GSW,SF,11,11,397,36.09090909,20.7,0.564,0.237,0.526,7.1,14.2,10.5,24.1,1.8,0.7,6.5,22.2,1.2,0.4,1.6,0.191,3.8,1.3,5.1,0.7,54126450,0,0,0,1,0,0
Draymond Green,34,GSW,PF,12,12,389,32.41666667,7.8,0.479,0.556,0.12,2.5,17.5,9.6,17.9,2.2,2.6,24,17,-0.6,0.5,-0.1,-0.009,-4.3,1.8,-2.5,0,27000000,0,1,0,0,0,1
Bennedict Mathurin,22,IND,SF,22,0,385,17.5,18.5,0.628,0.405,0.696,8.3,13.4,11,7.4,1.1,1.7,11.9,25.2,0.9,0.3,1.2,0.152,1.6,-0.2,1.4,0.3,10000000,0,0,0,1,0,0
Donte DiVincenzo,28,MIN,SG,15,0,377,25.13333333,9.8,0.493,0.698,0.103,3.8,10.4,7.1,18.9,2.8,1.1,17.5,18.4,-0.1,0.5,0.4,0.046,-2.1,1.5,-0.5,0.1,12700000,0,0,0,0,1,0
Naz Reid,25,MIN,C,15,0,375,25,13.8,0.645,0.573,0.227,5,16.9,11,9.9,1.5,3.7,18.8,17.2,0.3,0.5,0.8,0.107,0.3,2.2,2.5,0.4,23303571,1,0,0,0,0,1
Mitchell Robinson,26,NYK,C,18,4,370,20.55555556,15.3,0.555,0,1.098,20.5,19.2,19.9,2.6,2.3,3.8,14.7,10.4,0.5,0.5,1.1,0.138,0,0.2,0.2,0.2,13376880,1,0,0,0,0,0
Mike Conley,37,MIN,PG,15,15,356,23.73333333,8.9,0.442,0.625,0.135,4,10.3,7.2,19,1.3,0.8,10.6,13.8,0.2,0.3,0.5,0.061,-2,0.1,-1.9,0,11108880,0,0,1,0,0,0
Al Horford,38,BOS,C,11,9,348,31.63636364,12.3,0.586,0.486,0.097,6,15,10.7,8.7,1.1,3.7,8.5,10.8,0.5,0.5,1.1,0.145,0.3,2.4,2.7,0.4,6127080,1,0,0,0,0,0
Buddy Hield,32,GSW,SG,12,9,327,27.25,14.7,0.572,0.616,0.112,6,8.8,7.3,10.6,2.2,1.4,9,19.4,0.4,0.3,0.7,0.105,2.2,1.1,3.3,0.4,10015680,0,0,0,0,1,0
Jayson Tatum,26,BOS,PF,8,8,322,40.25,24.1,0.566,0.446,0.309,3.3,28,16,25.3,2.8,1.7,11.6,31.9,0.6,0.8,1.4,0.202,5.4,3.2,8.6,0.9,54126450,0,1,0,0,0,1
Nickeil Alexander-Walker,26,MIN,SG,15,0,310,20.66666667,9.5,0.519,0.558,0.15,3,7,5.1,16.6,1,1.6,16,20.1,0,0.2,0.2,0.028,-1.2,-0.2,-1.4,0,16666667,0,0,0,0,1,0
Aaron Wiggins,26,OKC,SG,22,0,303,13.77272727,11.8,0.522,0.58,0.143,5,13,9,9.5,1.6,2,11.8,20.1,0,0.4,0.4,0.071,-0.5,0.6,0.1,0.2,10739683,0,0,0,0,1,0
Payton Pritchard,27,BOS,PG,11,0,302,27.45454545,13.4,0.615,0.677,0.172,3.5,5.8,4.6,9.2,1,0,7.8,17.5,0.6,0.3,0.9,0.137,1.5,-0.6,0.9,0.2,7863240,0,0,1,0,0,1
Donovan Mitchell,28,CLE,SG,9,9,288,32,27.5,0.57,0.433,0.459,4.2,12.7,8.3,22,2.9,1.1,6.8,37.2,1,0.4,1.4,0.228,6.5,1.4,7.9,0.7,46394100,0,0,0,0,1,1
Stephen Curry,36,GSW,PG,8,8,281,35.125,20,0.636,0.615,0.215,0.8,17,8.5,26.7,1.5,2,15.9,26.6,0.5,0.3,0.8,0.131,5.4,1,6.4,0.6,59606817,0,0,1,0,0,1
Fred VanVleet,30,HOU,PG,7,7,280,40,16,0.632,0.667,0.258,1.2,10.2,5.8,17.8,1.3,0.8,11.2,18.4,0.7,0.2,0.9,0.158,1.9,1.2,3.2,0.4,25000000,0,0,1,0,0,0
James Harden,35,LAC,PG,7,7,276,39.42857143,18.6,0.567,0.436,0.327,1.7,14.7,8.1,33.8,1.7,2.2,15.4,22.9,0.5,0.2,0.7,0.122,2.5,1.5,4.1,0.4,39182693,0,0,1,0,0,1
Kawhi Leonard,33,LAC,SF,7,7,265,37.85714286,24.3,0.63,0.301,0.293,4.8,19,11.8,20.9,1.6,1.6,9.8,26.9,0.8,0.2,1,0.185,5,2.1,7,0.6,50000000,0,0,0,1,0,0
Jrue Holiday,34,BOS,PG,8,8,264,33,10.8,0.578,0.433,0.217,5.3,8.6,7,18.7,1.4,0.3,19.6,14.1,0.2,0.3,0.6,0.1,-1.6,1.5,-0.1,0.1,33654814,0,0,1,0,0,0
Jarrett Allen,26,CLE,C,9,9,261,29,22.4,0.792,0,0.574,8.8,24.9,16.6,6.7,2.5,3.1,18.2,15.3,0.9,0.4,1.3,0.239,2.4,2.2,4.7,0.4,28000000,1,0,0,0,0,0
Evan Mobley,23,CLE,PF,8,8,257,32.125,22.7,0.699,0.356,0.287,9,20.2,14.4,7.7,1.7,3.2,10.1,18.2,0.9,0.4,1.2,0.232,4.7,0.9,5.7,0.5,46394100,0,1,0,0,0,1
Ivica Zubac,27,LAC,C,7,7,256,36.57142857,20.9,0.653,0,0.317,12.2,20.6,16.3,9.9,1,2.4,10.5,18.9,0.7,0.2,0.9,0.169,1.4,0.7,2.1,0.3,19500000,1,0,0,0,0,0
Max Strus,28,CLE,SF,9,9,253,28.11111111,16.2,0.573,0.753,0.067,7,16.3,11.5,19.6,1.2,0.8,7.1,16.7,0.7,0.2,0.9,0.176,3.2,1,4.2,0.4,17500000,0,0,0,1,0,0
Cade Cunningham,23,DET,PG,6,6,248,41.33333333,17.5,0.509,0.217,0.326,2.9,19.6,11.5,37.9,2.2,2.7,17.8,31.2,-0.1,0.4,0.3,0.061,1.1,2,3.1,0.3,46394100,0,0,1,0,0,1
Norman Powell,31,LAC,SG,7,7,238,34,13,0.578,0.449,0.202,0.5,8,4.2,10.7,1.7,0.7,11,21.2,0.1,0.1,0.2,0.047,-1.1,0.1,-1,0.1,21551724,0,0,0,0,1,0
Tobias Harris,32,DET,PF,6,6,233,38.83333333,14,0.602,0.324,0.225,4.1,18,11.3,2,1.3,2.5,7.1,15.5,0.3,0.3,0.6,0.132,0.4,1.6,2,0.2,27705357,0,1,0,0,0,0
Amen Thompson,22,HOU,SF,7,7,231,33,19.3,0.545,0.047,0.424,9.3,13.7,11.5,17.1,2.7,2.9,10.6,21.6,0.4,0.3,0.7,0.148,1.5,2.2,3.7,0.3,10125000,0,0,0,1,0,0
Jalen Green,22,HOU,SG,7,7,219,31.28571429,11.6,0.482,0.512,0.279,1.5,17.5,9.6,14.8,0.9,1,9.4,21.5,0,0.2,0.2,0.045,-1.1,-0.5,-1.5,0,34944001,0,0,0,0,1,0
Isaiah Joe,25,OKC,SG,21,0,211,10.04761905,17.4,0.676,0.767,0.192,3.6,11.4,7.5,9.8,1.6,0.9,8.1,17.3,0.6,0.3,0.8,0.192,3.5,2.1,5.6,0.4,12947835,0,0,0,0,1,0
Dillon Brooks,29,HOU,SF,7,7,206,29.42857143,11.7,0.585,0.46,0.381,4.9,6.9,5.9,6.9,1.3,1.1,10.9,17.7,0.3,0.1,0.4,0.1,-2.1,0.4,-1.7,0,22410605,0,0,0,1,0,0
LeBron James,40,LAL,SF,5,5,204,40.8,25.5,0.601,0.318,0.455,7,18.3,12.8,26.9,2.6,4.3,11,27.2,0.6,0.2,0.8,0.198,6.9,2.7,9.5,0.6,52627153,0,0,0,1,0,1
Paolo Banchero,22,ORL,PF,5,5,197,39.4,20.3,0.517,0.218,0.331,6.5,19.6,12.5,22.8,0.8,2.1,9.6,36.4,0.1,0.1,0.2,0.039,5,0.4,5.3,0.4,41500000,0,1,0,0,0,0
Austin Reaves,26,LAL,SG,5,5,196,39.2,9.4,0.532,0.644,0.096,2.4,13.3,8,16.2,0.3,1.5,15.5,21.5,-0.1,0,0,-0.011,-1.7,-2,-3.7,-0.1,14000000,0,0,0,0,1,0
Franz Wagner,23,ORL,SF,5,5,195,39,19.1,0.51,0.322,0.226,1.6,13.9,7.2,29.9,1.6,1.1,7.3,32,0.1,0.1,0.2,0.058,3.3,1.3,4.6,0.3,38661750,0,0,0,1,0,0
Moses Moody,22,GSW,SG,12,2,193,16.08333333,12.4,0.486,0.563,0.213,5,10.5,7.7,11.7,1.6,1.4,4.4,20.9,0.1,0.2,0.3,0.071,-0.2,-0.2,-0.5,0.1,12350392,0,0,0,0,1,0
Ty Jerome,27,CLE,SG,9,1,191,21.22222222,15.5,0.521,0.391,0.217,2.9,10.5,6.6,25.5,1.3,0.5,9.8,25.1,0.3,0.2,0.4,0.111,1,-1.2,-0.2,0.1,9219512,0,0,0,0,1,0
Giannis Antetokounmpo,30,MIL,PF,5,5,188,37.6,33.2,0.651,0.051,0.636,11,38,23.6,35.6,1.3,2.6,15.4,35.3,0.8,0.1,0.9,0.232,8.2,3.2,11.4,0.6,54126450,0,1,0,0,0,1
Jonathan Kuminga,22,GSW,PF,8,1,187,23.375,16.5,0.572,0.269,0.333,4.1,8.3,6.1,10.2,1.1,2,10.9,28.2,0.1,0.1,0.2,0.061,1.2,-0.4,0.8,0.1,24900000,0,1,0,0,0,0
De'Andre Hunter,27,CLE,SF,8,0,185,23.125,13.7,0.591,0.413,0.413,3.6,14.7,8.9,6.1,1.1,0.5,8.6,18.8,0.3,0.2,0.5,0.127,-0.6,-0.4,-1,0,24737010,0,0,0,1,0,0
Rui Hachimura,26,LAL,PF,5,5,182,36.4,12.2,0.634,0.544,0.053,2.6,11.8,7.3,4.8,0.9,1.6,10.7,16.8,0.2,0.1,0.2,0.06,0.7,-0.3,0.4,0.1,19000000,0,1,0,0,0,0
Luke Kornet,29,BOS,C,11,1,180,16.36363636,17.5,0.769,0,0.276,10.3,16.3,13.4,4.3,1.7,6.6,13.3,9.5,0.5,0.4,0.8,0.221,0.3,3.3,3.6,0.3,11550000,1,0,0,0,0,0
Nicolas Batum,36,LAC,PF,7,0,172,24.57142857,12.9,0.591,1,0,2.7,16,9.2,10.6,1.8,6,8.3,9.7,0.2,0.2,0.4,0.11,0.5,4.4,4.9,0.3,6016080,0,1,0,0,0,0
Dorian Finney-Smith,31,LAL,PF,5,1,170,34,6.9,0.534,0.655,0,7,7.3,7.2,11.8,0.3,1.1,14.7,9.3,0.1,0,0.1,0.033,-2,-0.2,-2.3,0,13197720,0,1,0,0,0,0
Kentavious Caldwell-Pope,31,ORL,SG,5,5,163,32.6,5.7,0.394,0.767,0.133,0.7,11.1,5.4,8,2.3,1.9,5.9,9.5,-0.1,0.1,0,0.001,-5.4,2.4,-3,0,23799569,0,0,0,0,1,0
Wendell Carter Jr.,25,ORL,C,5,5,162,32.4,14.3,0.574,0.275,0.25,12.6,27.9,19.5,6.1,0.7,1.3,15.3,14.8,0.1,0.1,0.2,0.072,-1,-0.1,-1.1,0,11144093,1,0,0,0,0,0
Sam Merrill,28,CLE,SG,8,3,159,19.875,10.6,0.557,0.975,0.075,4.8,9.7,7.2,11.6,1.2,1.3,4.6,11.7,0.3,0.1,0.4,0.13,-0.4,0.9,0.5,0.1,9000000,0,0,0,0,1,0
Bobby Portis,29,MIL,PF,5,1,158,31.6,12.7,0.511,0.412,0.015,5.5,25.7,15,7.1,0.6,1.2,8.1,20.9,0,0,0,0.002,-0.8,-1.9,-2.7,0,13731368,0,1,0,0,0,0
Steven Adams,31,HOU,C,7,0,155,22.14285714,16.2,0.602,0,1.5,16.7,16.2,16.5,3.8,1,5.7,13.1,10.9,0.3,0.2,0.5,0.146,0.5,0.3,0.8,0.1,15000000,1,0,0,0,0,0
Kris Dunn,30,LAC,PG,7,6,153,21.85714286,12.3,0.5,0.636,0,7.6,10.9,9.2,8,2.7,2.3,2.2,13.6,0.2,0.1,0.3,0.095,-1.6,2.7,1.1,0.1,5820240,0,0,1,0,0,0
Bam Adebayo,27,MIA,C,4,4,153,38.25,15.9,0.508,0.328,0.172,11.7,23.4,17.1,19.4,1.4,0.8,14.8,24.5,0,-0.2,-0.2,-0.066,0.7,-1.5,-0.9,0,49800000,1,0,0,0,0,1
Kevin Porter Jr.,24,MIL,SG,5,1,151,30.2,12,0.521,0.313,0.271,2.2,12.2,6.9,26,1.3,0,14.3,18.4,0.1,0,0.1,0.04,-1.2,-1,-2.2,0,5601600,0,0,0,0,1,0
Darius Garland,25,CLE,PG,5,5,148,29.6,14.4,0.566,0.507,0.348,0.7,8,4.2,26.8,0.7,0,15.9,27.3,0.2,0.1,0.3,0.088,0.6,-2.4,-1.9,0,39446090,0,0,1,0,0,1
Tyler Herro,25,MIA,SG,4,4,144,36,9.7,0.512,0.446,0.154,0,12.4,5.8,13.5,0.7,0,11.5,25.3,-0.1,-0.3,-0.4,-0.135,-2.9,-3.7,-6.6,-0.2,32500000,0,0,0,0,1,1
Jabari Smith Jr.,21,HOU,PF,7,0,143,20.42857143,12.6,0.677,0.647,0.294,5.5,15.3,10.5,4.3,0.4,3.9,20.7,15,0.1,0.1,0.3,0.085,0.1,0.8,1,0.1,23643411,0,1,0,0,0,0
Dean Wade,28,CLE,PF,9,1,142,15.77777778,6.8,0.417,0.778,0,7.7,23.3,15.2,5.2,1,0.7,14.3,6.3,0,0.2,0.2,0.067,-3,0.8,-2.2,0,7178400,0,1,0,0,0,0
Davion Mitchell,26,MIA,PG,4,3,142,35.5,16.6,0.681,0.341,0.171,1.6,6.3,3.8,30.4,1.1,0.8,15.4,17,0.4,-0.3,0.1,0.026,1.6,0,1.5,0.1,12362338,0,0,1,0,0,0
Jaylin Williams,22,OKC,PF,17,0,141,8.294117647,9.7,0.565,0.714,0.314,3.1,21.8,12.3,16.2,2.8,1.4,23.1,15.6,0,0.3,0.3,0.091,-4,4.4,0.4,0.1,8781000,0,1,0,0,0,0
Desmond Bane,26,MEM,SG,4,4,139,34.75,6.9,0.438,0.508,0.238,4,16.2,10.3,15.4,1,1.3,17.7,25.4,-0.4,0,-0.3,-0.12,-2.4,-1.8,-4.2,-0.1,36725670,0,0,0,0,1,0
Kenrich Williams,30,OKC,PF,16,0,137,8.5625,9.9,0.457,0.5,0.15,6.3,21.6,13.9,7,2.5,0.7,14.1,15.4,-0.1,0.3,0.1,0.052,-2.6,0.8,-1.8,0,7707709,0,1,0,0,0,0
Jaren Jackson Jr.,25,MEM,C,4,4,137,34.25,9,0.479,0.19,0.345,7.2,8.2,7.7,7.4,1.4,1.3,14.1,23.7,-0.2,0,-0.2,-0.06,-2,-1.5,-3.5,-0.1,49000000,1,0,0,0,0,1
A.J. Green,25,MIL,SG,5,1,135,27,13.5,0.69,0.897,0.051,1.6,10.9,6,10.9,0,0.7,0,13.1,0.4,0,0.3,0.124,2.6,0,2.6,0.2,10044644,0,0,0,0,1,0
Derrick Jones Jr.,27,LAC,SF,7,1,129,18.42857143,12.7,0.495,0.417,0.167,4.5,7.4,5.9,2.3,1.6,6,5.5,19.6,-0.1,0.1,0,0.016,-1,0.9,-0.1,0.1,10395000,0,0,0,1,0,0
Isaac Okoro,24,CLE,SG,9,0,128,14.22222222,10.6,0.612,0.533,0.267,3.4,6.5,4.9,5.3,2.3,0.8,10.7,12.5,0.1,0.1,0.3,0.106,-2,0.8,-1.2,0,11500000,0,0,0,0,1,0
Santi Aldama,24,MEM,PF,4,1,122,30.5,11.4,0.591,0.545,0,1.8,18.4,10.4,9.9,0,0.7,10.2,16.8,0.1,0,0.1,0.031,1.8,-0.5,1.3,0.1,19375000,0,1,0,0,0,0
Andrew Wiggins,29,MIA,SF,4,4,122,30.5,7.8,0.485,0.465,0.233,3.7,9.4,6.4,11.8,0.4,4.7,18.8,22.2,-0.2,-0.2,-0.5,-0.177,-2.7,-2.8,-5.5,-0.1,30731707,0,0,0,1,0,1
Kevon Looney,28,GSW,C,12,0,120,10,12.5,0.49,0,0.348,15.3,25.9,20.4,4.9,2.1,3.1,7,10.5,0.2,0.2,0.4,0.144,-4.4,1.1,-3.3,0,8237640,1,0,0,0,0,0
Jarace Walker,21,IND,PF,12,0,117,9.75,7,0.503,0.588,0.118,2.1,17.8,10.4,9.4,0.8,1.6,16.4,16.2,-0.1,0.1,0,-0.009,-3.3,-0.6,-3.9,-0.1,7232143,0,1,0,0,0,0
Sam Hauser,27,BOS,PF,8,0,108,13.5,6.4,0.573,0.875,0.042,0,12.1,6.2,5.6,0.5,0.8,10.9,11.6,0,0.1,0.2,0.069,-2.5,0,-2.5,0,10739683,0,1,0,0,0,0
Kyle Kuzma,29,MIL,PF,5,4,102,20.4,2.4,0.385,0.286,0.171,3.2,9.7,6.2,5.6,0,0.9,7.4,17.6,-0.2,0,-0.2,-0.107,-7.4,-3.4,-10.9,-0.2,24393104,0,1,0,0,0,0
Gabe Vincent,28,LAL,PG,5,0,99,19.8,4.2,0.5,0.929,0,0,5.7,2.9,7.5,0.5,1.9,6.7,7.1,0,0,0,0.007,-4,0.6,-3.4,0,11808240,0,0,1,0,0,0
Haywood Highsmith,28,MIA,SF,4,0,84,21,14,0.763,0.789,0,5.3,13.7,9.2,7.6,1.9,2.7,17.4,12.7,0.1,-0.1,0,0.01,0.5,1.6,2,0.1,6045000,0,0,0,1,0,0
Ja Morant,25,MEM,PG,3,3,82,27.33333333,15.2,0.475,0.302,0.208,1.3,6.2,3.9,38,1.2,2.2,9.4,32.5,-0.1,0,-0.1,-0.042,4.7,-0.2,4.5,0.1,39446090,0,0,1,0,0,0
Luke Kennard,28,MEM,SG,4,0,80,20,8.3,0.5,0.5,0,2.8,15.3,9.3,15.4,2.4,1.1,25,12.5,-0.1,0,0,-0.025,-2.2,1.6,-0.6,0,11499872,0,0,0,0,1,0
Damian Lillard,34,MIL,PG,3,3,75,25,6.7,0.349,0.593,0.259,1.4,11.5,6.1,25.5,1.3,2.6,9.1,19.5,-0.1,0,-0.1,-0.058,-4.8,-2,-6.8,-0.1,24570000,0,0,1,0,0,1
Brook Lopez,36,MIL,C,5,4,74,14.8,8.8,0.517,0.682,0.227,4.4,8.3,6.2,7.7,0.7,6.5,14.2,16.9,0,0,0,0.01,-3.8,0.2,-3.6,0,9187573,1,0,0,0,0,0
Jonathan Isaac,27,ORL,PF,5,0,69,13.8,12.3,0.634,0.333,0.417,7.8,9.4,8.5,4.5,1.5,1.5,12.3,10.7,0.1,0,0.1,0.08,-1.1,1.2,0.1,0,15936452,0,1,0,0,0,0
John Konchar,28,MEM,SG,4,0,69,17.25,8.3,0.511,0.667,0.444,4.8,14.8,10,12.3,1.4,2.6,15.7,7.7,0,0,0.1,0.046,-1.9,2.8,0.9,0.1,6623456,0,0,0,0,1,0
Jarred Vanderbilt,25,LAL,PF,5,0,60,12,8.9,0.451,0.167,0.667,7.9,28.3,18.4,12.1,2.6,1.6,27.9,8.4,0,0.1,0.1,0.068,-4.2,3.4,-0.7,0,11990000,0,1,0,0,0,0
Duncan Robinson,30,MIA,SF,4,0,59,14.75,0.4,0.539,0.857,0.286,0,8.7,4,2.5,0,0,27.6,17.1,-0.1,-0.1,-0.3,-0.228,-7.3,-4.3,-11.6,-0.1,18080496,0,0,0,1,0,0
Paul Reed,25,DET,C,5,0,53,10.6,14.8,0.658,0,0.75,15.7,16.7,16.2,2.8,4.7,4.7,32,12.7,0,0.1,0.1,0.12,-2.2,4.3,2,0.1,5685000,1,0,0,0,0,0
Zeke Nnaji,24,DEN,PF,6,0,34,5.666666667,3.8,0.316,0.75,0.875,9.8,12.7,11.2,7.7,1.5,5.4,15.3,16.6,-0.1,0,0,-0.068,-5.8,-0.7,-6.5,0,8399983,0,1,0,0,0,0
Ron Holland,19,DET,SF,5,0,34,6.8,-0.6,0.479,0.6,2,10.5,9.7,10.1,0,0,2.4,39,19.5,-0.1,0,-0.1,-0.14,-10.1,-2.6,-12.7,-0.1,9000000,0,0,0,1,0,0
Ousmane Dieng,21,OKC,C,9,0,32,3.555555556,16.2,0.643,0.7,0.2,0,13.7,6.8,12.9,0,3.1,0,14.4,0.1,0,0.1,0.202,4.9,1.3,6.3,0.1,7275600,1,0,0,0,0,0
Isaiah Stewart,23,DET,C,1,0,19,19,8.3,0.5,0,0,6.3,23.2,15.1,7.3,0,8.8,0,4.5,0,0,0.1,0.13,-5.8,3,-2.8,0,15500000,1,0,0,0,0,0
Pat Connaughton,32,MIL,SG,3,0,14,4.666666667,-1,0.338,0.5,0.25,0,17.6,8.2,10.7,0,0,10.1,31.3,-0.1,0,-0.1,-0.285,-8.9,-6.7,-15.6,0,10044644,0,0,0,0,1,0
Kyle Anderson,31,MIA,SF,2,0,14,7,-7.4,0,0,0,0,9.1,4.3,9.5,0,0,33.3,10,-0.1,0,-0.1,-0.344,-11.9,-4.4,-16.2,-0.1,10000000,0,1,0,0,0,0
Goga Bitadze,25,ORL,C,3,0,11,3.666666667,9,1,0,0,0,35.2,16,14,0,9.3,0,4.2,0,0,0,0.191,-10.7,6.3,-4.4,0,8741209,1,0,0,0,0,0
Maxi Kleber,33,LAL,PF,1,0,5,5,-4.4,0.532,1,2,0,0,0,0,0,0,34.7,26.9,0,0,0,-0.233,-12.2,-6.5,-18.6,0,11499872,0,1,0,0,0,0
Alperen ?eng?,22,HOU,C,7,7,256,36.57142857,20.8,0.491,0.061,0.305,9.2,26.5,18,27,2.6,1.3,9.2,28.3,0.3,0.4,0.7,0.139,2.3,2.4,4.7,0.4,33944954,0,1,0,0,0,0
Bogdan Bogdanovi?,32,LAC,SG,7,0,117,16.71428571,6.8,0.478,0.545,0.159,5,15.3,10.1,18.1,1.3,0,18.9,23,-0.2,0.1,-0.1,-0.037,-7,-0.9,-7.9,-0.2,17991071,0,0,0,0,1,0
Kristaps Porzi??is,29,BOS,C,11,7,231,21,11.3,0.43,0.329,0.57,10.6,14.1,12.4,5.3,2.3,3.6,9.2,21.5,-0.2,0.4,0.3,0.054,-3.2,-0.9,-4,-0.1,30731707,1,0,0,0,0,0
Luka Don?i?,25,LAL,PG,5,5,208,41.6,21.5,0.608,0.442,0.442,1.1,18,9.8,28.2,1.3,1.4,13.9,32.4,0.5,0.1,0.6,0.136,4.8,0.5,5.3,0.4,49800000,0,0,1,0,0,0
Nikola Jovi?,21,MIA,PF,4,0,75,18.75,15.4,0.505,0.686,0.171,6,20.5,12.7,13.7,2.1,1.5,11.7,26.4,0,-0.1,-0.1,-0.08,0.9,-0.9,0,0,16200000,0,1,0,0,0,0
Nikola Joki?,29,DEN,C,14,14,563,40.21428571,24.7,0.587,0.265,0.377,5.7,28.6,17.3,35.6,2.5,1.9,15,28.2,1.3,0.8,2.1,0.181,6.9,3.8,10.7,1.8,55224526,1,0,0,0,0,1
