Player,Age,Team,Pos,G,GS,MP,MPG,FG,FGA,FG%,3P,3PA,3P%,2P,2PA,2P%,eFG%,FT,FTA,FT%,ORB,DRB,TRB,AST,STL,BLK,TOV,PF,PTS,,
Shai Gilgeous-Alexander,26,OKC,PG,23,23,851,37,9.9,21.3,0.462,1.4,4.8,0.283,8.5,16.5,0.514,0.494,8,9.2,0.876,1,4.2,5.2,6.3,1.6,0.8,2.5,2.7,29.1,,
Jalen Williams,23,OKC,SG,23,23,796,34.60869565,8.1,17.9,0.449,1.6,5.2,0.304,6.5,12.7,0.509,0.494,4.6,5.8,0.789,1.1,4.7,5.7,5,1.4,0.4,1.9,2.3,22.3,,
Tyrese Haliburton,24,IND,PG,23,23,772,33.56521739,6.8,14.7,0.463,2.5,7.4,0.34,4.3,7.3,0.59,0.549,2.5,3,0.828,0.3,5.4,5.7,9.2,1.4,0.7,2.5,1.8,18.6,,
Pascal Siakam,30,IND,PF,23,23,771,33.52173913,8.2,15.9,0.513,1.6,3.8,0.427,6.5,12.1,0.541,0.565,4.1,5.7,0.713,1.4,5.4,6.8,3.6,1.3,0.7,1.4,3.1,22,,
Andrew Nembhard,25,IND,SG,23,23,769,33.43478261,4.9,10.4,0.471,1.9,4,0.465,3,6.4,0.474,0.561,1.7,2.2,0.804,0.7,2.8,3.5,5,1.6,0.2,2,2.9,13.4,,
Mikal Bridges,28,NYK,SF,18,18,706,39.22222222,6.1,13.4,0.456,1.4,4.3,0.333,4.7,9.1,0.514,0.51,0.6,0.8,0.75,1,3.1,4.1,2.7,1.5,0.9,1.9,2,14.3,,
OG Anunoby,27,NYK,PF,18,18,705,39.16666667,5.3,12.6,0.417,2.1,6.2,0.339,3.2,6.4,0.492,0.5,2.4,3,0.81,1.2,3,4.2,1.2,1.8,1.1,1.5,2.5,15,,
Chet Holmgren,22,OKC,C,23,23,686,29.82608696,6.5,14,0.462,1.4,4.8,0.297,5,9.2,0.549,0.513,4,5.1,0.784,2.2,8.2,10.4,1.2,0.9,2.3,1.5,2.5,18.3,,
Jalen Brunson,28,NYK,PG,18,18,680,37.77777778,9.6,20.8,0.461,2.5,7.1,0.358,7,13.7,0.514,0.522,6.4,7.5,0.851,0.6,2.6,3.3,6.7,0.4,0.3,2.9,3.1,28.1,,
Myles Turner,28,IND,C,23,23,675,29.34782609,5.7,11.7,0.484,1.7,4.8,0.344,4,6.9,0.581,0.555,3.9,5.1,0.771,1.5,4.4,5.9,1.7,0.6,2.5,2,3.6,16.9,,
Luguentz Dort,25,OKC,SF,23,23,666,28.95652174,3.2,8.9,0.366,2.6,7.6,0.343,0.6,1.3,0.5,0.512,0.8,1.2,0.636,1.7,3.1,4.8,1.1,1.6,0.5,1.1,4.2,9.8,,
Aaron Nesmith,25,IND,SF,23,23,650,28.26086957,5.5,11.7,0.472,3.3,6.8,0.492,2.2,5,0.444,0.613,1.7,2,0.861,1.5,5.7,7.2,1.4,1.1,1,1.3,5.3,16.1,,
Josh Hart,29,NYK,SG,18,14,642,35.66666667,3.8,8.1,0.472,1.1,3,0.37,2.7,5,0.533,0.542,2.9,3.8,0.776,2.5,6.4,8.9,4.5,1.1,0.6,2,3.5,11.7,,
Karl-Anthony Towns,29,NYK,C,18,18,639,35.5,7.8,16.1,0.488,1.5,4.2,0.351,6.4,11.9,0.536,0.533,4.6,5.5,0.845,2.1,9.6,11.8,1.4,0.7,0.7,2.3,4.4,21.7,,
Anthony Edwards,23,MIN,SG,15,15,585,39,8.3,18.3,0.453,2.8,8,0.354,5.5,10.3,0.53,0.53,3.9,5.5,0.719,1.1,6.1,7.2,5,1,0.7,2.4,2,23.4,,
Jamal Murray,27,DEN,PG,14,14,578,41.28571429,6.9,15.6,0.444,2.1,6,0.354,4.8,9.6,0.5,0.512,3.1,3.5,0.875,0.6,3.7,4.2,4.5,1.1,0.7,2.7,1.9,19,,
Nikola Jokić,29,DEN,C,14,14,563,40.21428571,8.4,17.1,0.489,1.7,4.5,0.38,6.7,12.6,0.528,0.539,5,6.5,0.772,1.9,9.5,11.4,7.2,1.8,0.8,3.5,3.1,23.5,,
Alex Caruso,30,OKC,SG,23,0,562,24.43478261,4.6,10.2,0.45,2.4,5.8,0.411,2.2,4.5,0.5,0.566,2,2.5,0.795,1.1,2.9,4,3.3,2.9,0.8,1.2,4,13.6,,
Christian Braun,23,DEN,SG,14,14,544,38.85714286,4.4,9.8,0.453,1.4,4.6,0.3,3,5.2,0.59,0.524,1.5,2.1,0.71,1.7,4.3,6,2.3,1.1,0.7,0.9,3.1,11.7,,
Julius Randle,30,MIN,PF,15,15,533,35.53333333,7.8,15.5,0.502,2,5.3,0.385,5.7,10.2,0.563,0.568,4.5,5.1,0.88,1.8,4.1,5.9,5,0.8,0.1,3.3,3,22,,
Aaron Gordon,29,DEN,PF,14,14,522,37.28571429,5.6,11.5,0.485,1.5,4,0.379,4.1,7.5,0.541,0.551,3,3.4,0.86,3.4,3.9,7.3,2.6,0.6,0.3,1.8,2.3,15.7,,
Isaiah Hartenstein,26,OKC,C,23,20,516,22.43478261,5.8,9.3,0.619,0,0,,5.8,9.3,0.619,0.619,1.4,2.1,0.667,4.4,7.7,12.1,3.6,1.3,0.8,1.9,4,13,,
Cason Wallace,21,OKC,SG,23,3,516,22.43478261,3.6,8.3,0.429,1.4,4.3,0.323,2.2,4,0.544,0.513,0.4,0.6,0.667,1.6,2.7,4.3,3.3,2.2,0.7,1.1,3.6,8.9,,
Jaden McDaniels,24,MIN,PF,15,15,497,33.13333333,6.3,12.2,0.515,1.5,4,0.382,4.8,8.3,0.579,0.577,1.8,2,0.893,2,4.1,6.1,1.7,1.4,0.9,1.3,3.6,15.9,,
Obi Toppin,26,IND,PF,23,0,440,19.13043478,6.8,14,0.485,2,6.4,0.321,4.7,7.6,0.624,0.558,2,2.9,0.694,1.1,6.1,7.2,2.5,1.2,0.7,2,3.7,17.7,,
Michael Porter Jr.,26,DEN,SF,14,14,435,31.07142857,3.9,9.9,0.392,2,5.8,0.343,1.9,4.1,0.46,0.492,0.8,1.2,0.714,1.2,5.2,6.4,0.7,0.7,0.5,1.1,2.2,10.6,,
Derrick White,30,BOS,SG,11,11,415,37.72727273,5.9,12.8,0.463,3.5,9,0.385,2.4,3.7,0.651,0.599,2.7,3.1,0.861,1.2,3.6,4.9,3.4,0.6,1,1.1,1.9,18,,
Rudy Gobert,32,MIN,C,15,15,411,27.4,4,6.9,0.582,0,0,,4,6.9,0.582,0.582,2.3,4.4,0.52,4.1,7.2,11.3,1,0.7,1.6,1.1,3.3,10.3,,
T.J. McConnell,32,IND,PG,23,0,402,17.47826087,8.4,15.7,0.537,0.7,1.7,0.421,7.7,14,0.551,0.56,2,2.4,0.815,1.1,5.6,6.7,8.3,1.8,0.2,3.9,2.3,19.5,,
Jaylen Brown,28,BOS,SF,11,11,402,36.54545455,7.7,17.5,0.441,1.9,5.6,0.333,5.8,11.8,0.492,0.495,4.5,5.9,0.758,1.2,5.8,7,3.9,1,0.3,3.5,3.1,21.8,,
Jimmy Butler,35,GSW,SF,11,11,397,36.09090909,6.2,13.8,0.447,1,3.3,0.306,5.2,10.5,0.491,0.484,5.8,7.3,0.8,2.4,4.3,6.6,5.2,1.3,0.3,1.2,1.7,19.1,,
Draymond Green,34,GSW,PF,12,12,389,32.41666667,3.9,10,0.389,1.5,5.6,0.267,2.4,4.4,0.542,0.463,0.8,1.2,0.692,0.8,5.3,6.1,4.3,1.6,1,3.3,4.1,10.1,,
Bennedict Mathurin,22,IND,SF,22,0,385,17.5,6.4,13.8,0.459,1.7,5.6,0.3,4.7,8.2,0.568,0.52,8.3,9.6,0.864,2.4,4.4,6.8,1.8,0.8,0.7,2.4,3.9,22.7,,
Brandin Podziemski,21,GSW,SG,12,11,385,32.08333333,4.5,12.3,0.364,2.1,6.3,0.328,2.4,6.1,0.4,0.447,1.6,2.2,0.708,1.5,4.1,5.6,3.5,1.4,0.2,1.7,1.7,12.6,,
Donte DiVincenzo,28,MIN,SG,15,0,377,25.13333333,4.4,12,0.365,2.7,8.4,0.318,1.7,3.6,0.474,0.476,1,1.2,0.769,1.1,3.2,4.4,4.8,2,0.4,2.7,4.3,12.4,,
Naz Reid,25,MIN,C,15,0,375,25,5.4,10.6,0.509,2.4,6,0.397,3,4.5,0.66,0.623,1.8,2.4,0.76,1.5,5.3,6.8,2.4,1.1,1.3,2.7,4.1,15,,
Mitchell Robinson,26,NYK,C,18,4,370,20.55555556,3,5,0.608,0,0,,3,5,0.608,0.608,2.1,5.4,0.393,6.5,5.8,12.4,0.7,1.7,1.4,1.3,3.7,8.2,,
Mike Conley,37,MIN,PG,15,15,356,23.73333333,2.9,9.7,0.302,2,6.1,0.333,0.9,3.6,0.25,0.406,1.2,1.3,0.923,1.2,3.2,4.4,5.1,0.9,0.3,1.2,2.1,9.1,,
Al Horford,38,BOS,C,11,9,348,31.63636364,3.5,7.4,0.472,1.4,3.6,0.4,2.1,3.8,0.541,0.569,0.6,0.7,0.857,1.9,5,6.8,2.1,0.7,1.4,0.7,3.1,9.1,,
Miles McBride,24,NYK,SG,18,0,341,18.94444444,3.6,9.5,0.378,2.3,6.2,0.373,1.3,3.3,0.387,0.5,1.5,1.8,0.824,0.3,1.9,2.2,1.9,0.8,0.2,1.2,2.3,11,,
Buddy Hield,32,GSW,SG,12,9,327,27.25,5.7,13.8,0.416,3.6,8.5,0.429,2.1,5.3,0.396,0.548,1.4,1.5,0.929,2,2.6,4.6,2.3,1.5,0.6,1.4,2.6,16.5,,
Jayson Tatum,26,BOS,PF,8,8,322,40.25,8.3,19.6,0.423,3.2,8.7,0.372,5,10.8,0.464,0.506,5.4,6,0.889,1,9.3,10.3,4.8,1.9,0.7,2.9,2.3,25.2,,
Russell Westbrook,36,DEN,PG,13,0,313,24.07692308,6,15.3,0.391,2.3,7.2,0.317,3.7,8.1,0.457,0.466,3.2,4.6,0.7,2.2,3.3,5.5,3.9,1.4,0.1,3.5,4.7,17.5,,
Nickeil Alexander-Walker,26,MIN,SG,15,0,310,20.66666667,5.1,13.1,0.389,2.6,7.3,0.349,2.6,5.8,0.44,0.487,1.7,2,0.882,0.9,2.2,3.1,4.1,0.7,0.6,2.7,2.8,14.5,,
Aaron Wiggins,26,OKC,SG,22,0,303,13.77272727,5.6,14.1,0.395,3,8.2,0.362,2.6,5.9,0.44,0.5,1.5,2,0.765,1.7,4.3,5.9,2.4,1.2,0.7,2,2.7,15.7,,
Payton Pritchard,27,BOS,PG,11,0,302,27.45454545,5.4,11.8,0.455,3.2,8,0.403,2.1,3.8,0.563,0.591,1.7,2,0.824,1.1,1.9,3,2,0.7,0,1.1,2.3,15.6,,
Ben Sheppard,23,IND,SG,21,0,293,13.95238095,2.9,6.3,0.471,1.8,4.7,0.395,1.1,1.6,0.692,0.618,0.5,0.5,1,1,3.8,4.8,1,1,0.1,1.4,4.5,8.2,,
Donovan Mitchell,28,CLE,SG,9,9,288,32,10.7,24.2,0.443,3.5,10.5,0.333,7.3,13.8,0.527,0.515,8.2,11.1,0.742,1.4,3.9,5.2,4.4,2.1,0.4,2.1,2.3,33.2,,
Stephen Curry,36,GSW,PG,8,8,281,35.125,7.9,16.7,0.477,4.1,10.2,0.4,3.8,6.4,0.6,0.6,3.2,3.6,0.893,0.3,5.1,5.4,5.3,1,0.8,3.5,1.7,23.2,,
Fred VanVleet,30,HOU,PG,7,7,280,40,5.1,12,0.43,3.5,8,0.435,1.7,4,0.419,0.575,3.1,3.1,1,0.4,3.3,3.7,4,0.9,0.3,1.7,2.1,16.8,,
James Harden,35,LAC,PG,7,7,276,39.42857143,5.7,13.2,0.436,2.1,5.7,0.364,3.7,7.4,0.491,0.515,3.5,4.3,0.818,0.5,4.4,5,8.3,1.2,0.9,2.7,2.1,17.1,,
Kawhi Leonard,33,LAC,SF,7,7,265,37.85714286,9,16.7,0.537,2,5,0.405,6.9,11.7,0.593,0.598,3.8,4.9,0.778,1.5,5.7,7.2,4.5,1.1,0.7,2,1.6,23.8,,
Jrue Holiday,34,BOS,PG,8,8,264,33,4,8.2,0.483,1.2,3.5,0.346,2.7,4.6,0.588,0.558,1.2,1.8,0.692,1.6,2.9,4.5,4.4,1,0.1,2.2,3.4,10.4,,
Jarrett Allen,26,CLE,C,9,9,261,29,6.1,8.4,0.721,0,0,,6.1,8.4,0.721,0.721,4.6,4.8,0.943,2.9,7.6,10.5,1.7,1.8,1.1,2.3,2.1,16.7,,
Evan Mobley,23,CLE,PF,8,8,257,32.125,7.1,12.2,0.586,2,4.3,0.452,5.2,7.8,0.661,0.667,2.9,3.5,0.84,2.9,6.2,9.1,1.8,1.3,1.1,1.5,1.4,19.2,,
Alperen Şengün,22,HOU,C,7,7,256,36.57142857,8.3,18.4,0.45,0.4,1.1,0.375,7.9,17.3,0.455,0.462,3.5,5.6,0.625,3,8.7,11.7,5.2,1.8,0.4,2.1,3.7,20.5,,
Ivica Zubac,27,LAC,C,7,7,256,36.57142857,7.6,11.5,0.659,0,0,,7.6,11.5,0.659,0.659,2,3.7,0.538,3.8,6.2,10,2.3,0.7,1,1.5,2.7,17.2,,
Max Strus,28,CLE,SF,9,9,253,28.11111111,5.3,12.7,0.416,3.7,9.5,0.388,1.6,3.1,0.5,0.562,0.7,0.9,0.833,2.3,5,7.3,5,0.9,0.3,1,3.3,14.9,,
Cade Cunningham,23,DET,PG,6,6,248,41.33333333,8,18.7,0.426,0.7,4.1,0.179,7.3,14.7,0.495,0.446,5.1,6.1,0.833,0.9,6.4,7.3,7.5,1.6,1.2,4.6,2.9,21.8,,
Norman Powell,31,LAC,SG,7,7,238,34,6.4,13.5,0.472,2.1,6.1,0.35,4.2,7.4,0.571,0.551,2.1,2.7,0.778,0.2,2.4,2.6,2.6,1.2,0.3,1.8,2.3,16.9,,
Tobias Harris,32,DET,PF,6,6,233,38.83333333,5.3,11,0.479,1.5,3.6,0.435,3.7,7.4,0.5,0.549,2.5,2.5,1,1.2,5.9,7.1,0.5,0.9,1.1,0.9,2.5,14.5,,
Kristaps Porziņģis,29,BOS,C,11,7,231,21,3.9,12.3,0.316,0.6,4.1,0.154,3.3,8.3,0.396,0.342,4.8,7,0.689,3.3,4.7,7.9,1.2,1.6,1.4,1.6,4.1,13.2,,
Amen Thompson,22,HOU,SF,7,7,231,33,6.5,13.2,0.494,0.2,0.6,0.25,6.4,12.6,0.506,0.5,3.9,5.6,0.694,3,4.5,7.5,3.6,1.9,0.9,1.9,2.8,17.1,,
Jalen Green,22,HOU,SG,7,7,219,31.28571429,5.3,14.1,0.372,2.1,7.2,0.295,3.1,6.9,0.452,0.448,2.6,3.9,0.667,0.5,5.8,6.2,3.3,0.7,0.3,1.6,1,15.3,,
Isaiah Joe,25,OKC,SG,21,0,211,10.04761905,6.1,12.5,0.493,3.9,9.6,0.411,2.2,2.9,0.765,0.651,2,2.4,0.857,1.2,3.8,4.9,2.4,1.2,0.3,1.2,2.2,18.3,,
Luka Dončić,25,LAL,PG,5,5,208,41.6,8.1,18,0.452,2.8,8,0.348,5.4,10,0.534,0.529,7.1,8,0.891,0.3,5.7,6.1,5,0.9,0.5,3.5,2.8,26.1,,
Dillon Brooks,29,HOU,SF,7,7,206,29.42857143,4.9,11,0.444,1.7,5.1,0.345,3.1,5.9,0.529,0.524,3.5,4.2,0.833,1.6,2.3,3.8,1.6,0.9,0.3,1.6,4.7,15,,
LeBron James,40,LAL,SF,5,5,204,40.8,7.6,15.5,0.489,1.8,4.9,0.357,5.8,10.6,0.55,0.545,5.5,7.1,0.775,2.1,5.8,7.9,4.9,1.8,1.6,2.3,1.4,22.4,,
Jalen Duren,21,DET,C,6,6,203,33.83333333,4.6,7.1,0.65,0,0,,4.6,7.1,0.65,0.65,3.4,4.1,0.826,4.6,6.7,11.3,3.7,0.4,1.8,1.8,4.6,12.6,,
Peyton Watson,22,DEN,SF,14,0,199,14.21428571,4.3,10.7,0.407,1.3,3.4,0.368,3.1,7.2,0.425,0.466,1.4,2.9,0.5,2.5,4.9,7.4,0.7,2,1.6,1.4,3.8,11.4,,
Paolo Banchero,22,ORL,PF,5,5,197,39.4,9.9,22.7,0.435,2.2,4.9,0.444,7.7,17.7,0.433,0.484,4.9,7.5,0.659,2.2,5.5,7.7,3.8,0.5,0.7,2.7,3.3,26.9,,
Austin Reaves,26,LAL,SG,5,5,196,39.2,5.5,13.4,0.411,2.8,8.6,0.319,2.8,4.8,0.577,0.514,1.1,1.3,0.857,0.7,4.2,5,3.3,0.2,0.6,2.6,3.3,14.9,,
Franz Wagner,23,ORL,SF,5,5,195,39,9.4,21.2,0.443,1.3,6.8,0.189,8.1,14.4,0.564,0.474,3.7,4.8,0.769,0.6,3.9,4.4,5.2,1.1,0.4,1.8,3,23.8,,
Moses Moody,22,GSW,SG,12,2,193,16.08333333,5.2,14.9,0.35,2.8,8.4,0.333,2.4,6.5,0.371,0.444,2.6,3.2,0.824,1.7,3.2,4.8,2.6,1.1,0.6,0.7,2.8,15.9,,
Ty Jerome,27,CLE,SG,9,1,191,21.22222222,7,17.3,0.402,2.6,6.8,0.389,4.3,10.6,0.411,0.478,3.2,3.8,0.85,0.9,3.2,4.1,6,0.9,0.2,2.1,3,19.8,,
Tim Hardaway Jr.,32,DET,SG,6,6,188,31.33333333,4.6,13.6,0.338,3.1,10,0.308,1.5,3.6,0.421,0.451,1.5,1.9,0.8,0.4,2.9,3.3,1.3,0.4,0,1.7,1.9,13.8,,
Giannis Antetokounmpo,30,MIL,PF,5,5,188,37.6,11.5,19,0.606,0.2,1,0.2,11.3,18,0.628,0.611,8.4,12.1,0.698,3.6,11.1,14.7,6.3,1,1,4.4,2.3,31.6,,
Jonathan Kuminga,22,GSW,PF,8,1,187,23.375,8.7,17.9,0.484,1.9,4.8,0.4,6.7,13.1,0.515,0.538,4.2,6,0.71,1.3,2.5,3.9,1.9,0.8,0.8,2.5,2.5,23.5,,
De'Andre Hunter,27,CLE,SF,8,0,185,23.125,5.3,12.3,0.429,2.3,5.1,0.462,2.9,7.2,0.405,0.524,4.3,5.1,0.846,1.2,4.5,5.6,1.6,0.8,0.2,1.4,3.3,17.1,,
Rui Hachimura,26,LAL,PF,5,5,182,36.4,5.5,11.3,0.491,3,6.1,0.484,2.6,5.1,0.5,0.623,0.6,0.6,1,0.8,3.8,4.5,1,0.6,0.6,1.4,2.4,14.6,,
Luke Kornet,29,BOS,C,11,1,180,16.36363636,4.2,5.8,0.724,0,0,,4.2,5.8,0.724,0.724,1.6,1.6,1,3.2,5.4,8.6,1,1.2,2.6,1,4,10,,
Gary Payton II,32,GSW,SG,11,1,180,16.36363636,4.2,9.4,0.447,1.8,4.6,0.391,2.4,4.8,0.5,0.543,0,0,,2,2.8,4.8,3.2,2,0,1.2,4.2,10.2,,
Nicolas Batum,36,LAC,PF,7,0,172,24.57142857,2.7,6.9,0.394,2.7,6.9,0.394,0,0,,0.591,0,0,,0.8,4.8,5.7,2.9,1.3,2.5,0.6,2.7,8.2,,
Gary Trent Jr.,26,MIL,SG,5,3,171,34.2,6.7,13.1,0.516,4.6,9.3,0.5,2.1,3.8,0.556,0.694,1.7,2.1,0.8,0.2,2.1,2.3,1.3,2.7,0,0.6,1.9,19.8,,
Dorian Finney-Smith,31,LAL,PF,5,1,170,34,2.5,6.1,0.414,1.5,4,0.368,1.1,2.1,0.5,0.534,0,0,,2.1,2.3,4.4,2.8,0.2,0.4,1.1,3.6,6.6,,
Thomas Bryant,27,IND,C,20,0,167,8.35,3.4,7.1,0.485,1.9,3.9,0.5,1.5,3.2,0.467,0.621,2.4,3,0.786,1.5,4.3,5.8,0.9,0.9,1.3,1.5,5.4,11.2,,
Dennis Schröder,31,DET,PG,6,0,164,27.33333333,5.7,11.6,0.491,2.2,4.6,0.476,3.5,7,0.5,0.585,2.9,3.5,0.813,0.9,2.2,3.1,4.8,1.5,0.2,1.5,2.6,16.5,,
Malik Beasley,28,DET,SG,6,0,163,27.16666667,6.2,16.6,0.373,4.4,13,0.339,1.8,3.5,0.5,0.507,1.8,1.8,1,0.2,3.1,3.3,1.5,0.7,0.2,1.5,2.2,18.6,,
Kentavious Caldwell-Pope,31,ORL,SG,5,5,163,32.6,1.8,6.6,0.267,1.3,5.1,0.261,0.4,1.5,0.286,0.367,0.7,0.9,0.75,0.2,3.1,3.3,2,1.5,0.7,0.4,2.4,5.5,,
Wendell Carter Jr.,25,ORL,C,5,5,162,32.4,4.7,8.9,0.525,0.7,2.4,0.273,4,6.4,0.621,0.563,1.3,2.2,0.6,4.2,7.8,12,1.3,0.4,0.4,1.8,2.7,11.3,,
Sam Merrill,28,CLE,SG,8,3,159,19.875,3.4,9.1,0.375,3.2,8.8,0.359,0.2,0.2,1,0.55,0.5,0.7,0.667,1.6,2.9,4.5,3.2,0.9,0.5,0.5,4.1,10.4,,
Bobby Portis,29,MIL,PF,5,1,158,31.6,6.8,15.5,0.441,2.3,6.4,0.357,4.6,9.1,0.5,0.515,0,0.2,0,1.8,7.5,9.3,1.6,0.5,0.5,1.4,1.8,15.9,,
Steven Adams,31,HOU,C,7,0,155,22.14285714,2.8,4.6,0.6,0,0,,2.8,4.6,0.6,0.6,3.7,7,0.533,5.3,5.3,10.7,0.9,0.7,1.9,1.2,1.6,9.3,,
Kris Dunn,30,LAC,PG,7,6,153,21.85714286,4,10.4,0.386,2.4,6.6,0.357,1.6,3.8,0.438,0.5,0,0,,2.4,3.3,5.6,2.1,1.9,0.9,0.2,4.2,10.4,,
Bam Adebayo,27,MIA,C,4,4,153,38.25,6.6,15.1,0.438,1.6,4.9,0.333,4.9,10.1,0.488,0.492,1.6,2.6,0.636,3.8,6.6,10.4,4,0.9,0.2,2.8,2.1,16.5,,
Kevin Porter Jr.,24,MIL,SG,5,1,151,30.2,4.5,11.4,0.396,1.7,3.6,0.467,2.9,7.9,0.364,0.469,2.6,3.1,0.846,0.7,3.6,4.3,6.4,1,0,2.1,2.9,13.4,,
Darius Garland,25,CLE,PG,5,5,148,29.6,7.1,16.8,0.42,2.4,8.5,0.286,4.6,8.3,0.559,0.493,5.4,5.8,0.917,0.2,2.4,2.7,6.3,0.5,0,3.6,4.1,21.9,,
Quinten Post,24,GSW,PF,12,2,146,12.16666667,3.9,11.8,0.333,2.5,7.9,0.313,1.5,3.9,0.375,0.438,0.7,1,0.75,1.5,5.4,6.9,3,0.7,0.7,1.5,4.9,11.1,,
Tyler Herro,25,MIA,SG,4,4,144,36,6.8,16.2,0.415,2.3,7.2,0.31,4.5,9,0.5,0.485,2,2.5,0.8,0,3.5,3.5,2.7,0.5,0,2.3,3,17.7,,
Jabari Smith Jr.,21,HOU,PF,7,0,143,20.42857143,4.3,8.6,0.5,2.5,5.5,0.455,1.8,3,0.583,0.647,2,2.5,0.8,1.8,5,6.8,1,0.3,1.3,2.5,1.5,13.1,,
Dean Wade,28,CLE,PF,9,1,142,15.77777778,1.5,4.6,0.333,0.8,3.5,0.214,0.8,1,0.75,0.417,0,0,,2.5,7.1,9.6,1.5,0.8,0.3,0.8,2.5,3.8,,
Davion Mitchell,26,MIA,PG,4,3,142,35.5,6.3,10.4,0.61,1.8,3.5,0.5,4.6,6.8,0.667,0.695,0.8,1.8,0.429,0.5,1.8,2.3,6.3,0.8,0.3,2,2.8,15.2,,
Jaylin Williams,22,OKC,PF,17,0,141,8.294117647,3.8,8.9,0.429,2.3,6.4,0.36,1.5,2.6,0.6,0.557,1.5,2.8,0.545,1,7.1,8.2,4.3,2,0.5,3.1,7.9,11.5,,
Desmond Bane,26,MEM,SG,4,4,139,34.75,5.2,16.3,0.317,1.8,8.3,0.219,3.4,8,0.419,0.373,3.6,3.9,0.933,1.3,5.7,7,3.4,0.8,0.5,3.9,2.3,15.8,,
Kenrich Williams,30,OKC,PF,16,0,137,8.5625,4.2,10.5,0.4,1.1,5.3,0.2,3.2,5.3,0.6,0.45,0.8,1.6,0.5,2.1,7.1,9.2,1.8,1.8,0.3,1.8,1.6,10.2,,
Jaren Jackson Jr.,25,MEM,C,4,4,137,34.25,5.8,15.2,0.379,0.8,2.9,0.273,5,12.4,0.404,0.405,4.5,5.3,0.85,2.4,2.9,5.3,1.6,1.1,0.5,2.9,3.7,16.8,,
Ausar Thompson,22,DET,SF,6,6,135,22.5,6.4,11.2,0.571,0,0.5,0,6.4,10.7,0.6,0.571,5.6,9.6,0.583,2.1,6.1,8.3,1.6,1.9,1.3,2.9,6.7,18.4,,
A.J. Green,25,MIL,SG,5,1,135,27,4.8,10.4,0.462,4.8,9.3,0.514,0,1.1,0,0.692,0.3,0.5,0.5,0.5,3.2,3.7,2.7,0,0.3,0,3.5,14.7,,
Tari Eason,23,HOU,PF,7,0,132,18.85714286,5.7,12,0.477,1.9,5.2,0.368,3.8,6.8,0.56,0.557,1.1,2.2,0.5,1.9,6.3,8.2,1.4,2.2,1.9,2.7,3.5,14.5,,
Derrick Jones Jr.,27,LAC,SF,7,1,129,18.42857143,5.9,13.4,0.438,1.7,5.6,0.3,4.2,7.8,0.536,0.5,0.8,2.2,0.375,1.4,2.2,3.6,0.6,1.1,2.5,0.8,0.8,14.2,,
Scotty Pippen Jr.,24,MEM,PG,4,4,129,32.25,6.1,16.2,0.379,2.8,7.8,0.357,3.3,8.4,0.4,0.466,5.3,5.3,1,1.1,5,6.1,3.9,1.1,0.3,3.9,5.3,20.4,,
Isaac Okoro,24,CLE,SG,9,0,128,14.22222222,4.2,8.4,0.5,1.7,4.5,0.375,2.5,3.9,0.643,0.6,1.4,2.3,0.625,1.1,2,3.1,1.4,1.7,0.3,1.1,3.7,11.5,,
Cory Joseph,33,ORL,PG,5,5,124,24.8,2.9,7,0.417,1.5,4.6,0.313,1.5,2.3,0.625,0.521,0,0,,0.3,2.3,2.6,4.4,1.5,0.6,0.6,2.9,7.3,,
Santi Aldama,24,MEM,PF,4,1,122,30.5,6.2,13,0.477,3,7.1,0.417,3.2,5.9,0.55,0.591,0,0,,0.6,6.5,7.1,2.1,0,0.3,1.5,2.1,15.3,,
Andrew Wiggins,29,MIA,SF,4,4,122,30.5,4.7,12.7,0.372,2.1,5.9,0.35,2.7,6.8,0.391,0.453,2.1,3,0.7,1.2,2.7,3.8,2.7,0.3,1.5,3.2,1.8,13.6,,
Kevon Looney,28,GSW,C,12,0,120,10,3,6.9,0.435,0,0,,3,6.9,0.435,0.435,1.8,2.4,0.75,5.1,7.8,12.9,1.2,1.5,1.2,0.6,8.1,7.8,,
Jarace Walker,21,IND,PF,12,0,117,9.75,4,10.5,0.382,2.5,6.2,0.4,1.5,4.3,0.357,0.5,0.6,1.2,0.5,0.6,5.8,6.5,2.5,0.6,0.6,2.2,3.1,11.1,,
Bogdan Bogdanović,32,LAC,SG,7,0,117,16.71428571,4.9,13.5,0.364,2.2,7.4,0.292,2.8,6.2,0.45,0.443,1.8,2.2,0.857,1.5,4.6,6.2,4.6,0.9,0,3.4,7.7,13.8,,
Sam Hauser,27,BOS,PF,8,0,108,13.5,3.3,8,0.417,2.3,7,0.333,1,1,1,0.563,0.3,0.3,1,0,4,4,1.3,0.3,0.3,1,3.7,9.3,,
Zach Edey,22,MEM,C,4,4,108,27,3.3,5,0.667,0,0,,3.3,5,0.667,0.667,1.7,2.3,0.714,3.7,6.7,10.3,2.3,0,3.3,2,4,8.3,,
Cameron Payne,30,NYK,PG,14,0,102,7.285714286,4.2,13.1,0.324,1.8,7.4,0.238,2.5,5.6,0.438,0.392,0.4,1.1,0.333,0,2.8,2.8,3.2,1.8,0.4,2.5,7.8,10.6,,
Kyle Kuzma,29,MIL,PF,5,4,102,20.4,4.2,12.4,0.343,0.7,3.5,0.2,3.5,8.8,0.4,0.371,1.1,2.1,0.5,1.1,2.8,3.9,1.4,0,0.4,1.1,4.2,10.2,,
Gabe Vincent,28,LAL,PG,5,0,99,19.8,1.8,5.1,0.357,1.5,4.7,0.308,0.4,0.4,1,0.5,0,0,,0,1.8,1.8,1.8,0.4,0.7,0.4,2.9,5.1,,
Anthony Black,21,ORL,PG,5,0,89,17.8,6.1,15,0.405,0.8,5.3,0.154,5.3,9.7,0.542,0.432,3.6,5.3,0.692,4,4.9,8.9,0,1.6,0.4,0.8,3.2,16.6,,
Julian Strawther,22,DEN,SG,9,0,88,9.777777778,5.3,12.3,0.433,2.5,4.9,0.5,2.9,7.4,0.389,0.533,2.5,2.9,0.857,1.6,2,3.7,0.8,0.8,0.4,2,4.5,15.5,,
Ajay Mitchell,22,OKC,SG,12,0,84,7,6.9,15,0.457,2.1,5.6,0.385,4.7,9.4,0.5,0.529,1.7,2.1,0.8,1.3,2.6,3.9,3.9,0.9,0,2.6,3,17.6,,
Haywood Highsmith,28,MIA,SF,4,0,84,21,4.7,8.1,0.579,3,6.4,0.467,1.7,1.7,1,0.763,0,0,,1.7,3.9,5.6,1.7,1.3,0.9,1.7,4.7,12.4,,
Landry Shamet,27,NYK,SG,11,0,83,7.545454545,3.9,8.7,0.45,3,6.5,0.467,0.9,2.2,0.4,0.625,0.4,1.7,0.25,0,1.7,1.7,3.5,0.4,0,1.7,2.2,11.3,,
Gary Harris,30,ORL,SG,5,0,83,16.6,1.3,3.5,0.375,0.4,2.6,0.167,0.9,0.9,1,0.438,0,0,,0.4,1.7,2.2,1.3,1.3,0.4,0,3,3,,
Ja Morant,25,MEM,PG,3,3,82,27.33333333,9.7,23.3,0.415,1.8,7,0.25,7.9,16.2,0.486,0.453,3.1,4.8,0.636,0.4,2.2,2.6,6.6,0.9,0.9,2.6,1.3,24.1,,
Trayce Jackson-Davis,24,GSW,C,9,3,80,8.888888889,7.2,8.1,0.889,0,0,,7.2,8.1,0.889,0.889,2.3,5.9,0.385,4.1,5.4,9.5,0.9,1.4,0.9,0.5,6.8,16.7,,
Luke Kennard,28,MEM,SG,4,0,80,20,3.6,8.1,0.444,0.9,4.1,0.222,2.7,4.1,0.667,0.5,0,0,,0.9,5.4,6.3,3.6,1.8,0.5,2.7,1.4,8.1,,
Tony Bradley,27,IND,C,11,0,78,7.090909091,1.8,4.2,0.444,0,0.5,0,1.8,3.7,0.5,0.444,4.2,5.5,0.75,5.1,4.6,9.7,1.4,0,0.5,1.8,4.6,7.8,,
Nikola Jović,21,MIA,PF,4,0,75,18.75,6.2,16.8,0.371,2.9,11.5,0.25,3.4,5.3,0.636,0.457,2.9,2.9,1,1.9,5.8,7.7,2.9,1.4,0.5,2.4,1,18.2,,
Damian Lillard,34,MIL,PG,3,3,75,25,2.9,13,0.222,1.4,7.7,0.188,1.4,5.3,0.273,0.278,2.9,3.4,0.857,0.5,3.4,3.8,6.7,1,1,1.4,3.8,10.1,,
Brook Lopez,36,MIL,C,5,4,74,14.8,3.9,10.7,0.364,1.9,7.3,0.267,1.9,3.4,0.571,0.455,2.4,2.4,1,1.5,2.4,3.9,1.9,0.5,2.4,1.9,5.4,12.2,,
Kel'el Ware,20,MIA,C,4,4,73,18.25,3.9,8.9,0.444,1.5,5.4,0.273,2.5,3.5,0.714,0.528,0,0,,2,7.4,9.4,2,0.5,1,1,1.5,9.4,,
Gui Santos,22,GSW,PF,10,0,72,7.2,4.5,8.5,0.529,2,5,0.4,2.5,3.5,0.714,0.647,2,3,0.667,1.5,4.5,6,4,1.5,0.5,3,5,13,,
Jonathan Isaac,27,ORL,PF,5,0,69,13.8,3.7,6.3,0.583,0.5,2.1,0.25,3.1,4.2,0.75,0.625,1.6,2.6,0.6,2.6,2.6,5.2,1,1,0.5,1,1.6,9.4,,
John Konchar,28,MEM,SG,4,0,69,17.25,1.6,4.7,0.333,0.5,3.1,0.167,1,1.6,0.667,0.389,2.1,2.1,1,1.6,5.2,6.8,3.1,1,1,1,4.2,5.7,,
Pat Spencer,28,GSW,PG,8,0,63,7.875,9.1,14.3,0.64,0.6,1.7,0.333,8.6,12.6,0.682,0.66,1.7,1.7,1,2.9,3.4,6.3,3.4,1.7,0,3.4,5.1,20.6,,
Taurean Prince,30,MIL,SF,5,2,61,12.2,1.2,5.9,0.2,1.2,5.3,0.222,0,0.6,0,0.3,0,0,,0,3,3,4.7,1.2,0.6,3,1.8,3.5,,
Jarred Vanderbilt,25,LAL,PF,5,0,60,12,1.2,3.6,0.333,0,0.6,0,1.2,3,0.4,0.333,1.8,2.4,0.75,2.4,9,11.4,3,1.8,0.6,1.8,5.4,4.2,,
Duncan Robinson,30,MIA,SF,4,0,59,14.75,3.1,8.5,0.357,2.4,7.3,0.333,0.6,1.2,0.5,0.5,1.8,2.4,0.75,0,2.4,2.4,0.6,0,0,3.7,3.7,10.4,,
Jericho Sims,26,MIL,C,5,0,58,11.6,3.7,3.7,1,0,0,,3.7,3.7,1,1,1.2,1.9,0.667,6.8,5.6,12.4,0.6,0,0.6,3.1,3.1,8.7,,
Terrence Shannon Jr.,24,MIN,SG,9,0,57,6.333333333,8.2,17.1,0.481,1.9,5.1,0.375,6.3,12,0.526,0.537,7.6,7.6,1,0.6,5.7,6.3,1.9,2.5,0,1.9,5.7,25.9,,
Jalen Pickett,25,DEN,SG,8,0,57,7.125,3.2,9.5,0.333,1.9,5.7,0.333,1.3,3.8,0.333,0.433,0,0,,0,4.4,4.4,3.2,0,0.6,3.8,1.9,8.2,,
Paul Reed,25,DET,C,5,0,53,10.6,3.4,5.4,0.625,0,0,,3.4,5.4,0.625,0.625,2.7,4.1,0.667,4.8,5.4,10.2,0.7,3.4,2,3.4,5.4,9.5,,
Pelle Larsson,23,MIA,SG,4,0,52,13,5.5,10.4,0.533,2.1,5.5,0.375,3.5,4.8,0.714,0.633,0.7,2.1,0.333,1.4,4.8,6.2,2.8,0.7,0,1.4,4.2,13.8,,
Cole Anthony,24,ORL,PG,5,0,51,10.2,2.8,9.9,0.286,0,4.2,0,2.8,5.6,0.5,0.286,2.1,2.8,0.75,2.1,2.8,4.9,4.2,0,0.7,6.4,8.5,7.8,,
Delon Wright,32,NYK,PG,6,0,48,8,1.5,6.8,0.222,0.7,4.5,0.167,0.7,2.3,0.333,0.278,1.5,1.5,1,0.7,0.7,1.5,3.7,2.3,0.7,0.7,0,5.2,,
Caleb Houstan,22,ORL,SF,5,0,47,9.4,1.5,10.7,0.143,1.5,7.7,0.2,0,3.1,0,0.214,0,0,,1.5,1.5,3.1,0.8,0,0.8,1.5,2.3,4.6,,
Dillon Jones,23,OKC,SF,10,0,46,4.6,7,8.6,0.818,2.3,3.1,0.75,4.7,5.5,0.857,0.955,1.6,1.6,1,2.3,4.7,7,3.9,0.8,0.8,4.7,3.1,18,,
Ben Simmons,28,LAC,PG,5,0,42,8.4,1.7,5.1,0.333,0,0,,1.7,5.1,0.333,0.333,0,0,,2.6,3.4,6,3.4,0.9,3.4,1.7,9.4,3.4,,
Javonte Green,31,CLE,SG,6,0,39,6.5,3.7,9.2,0.4,0.9,4.6,0.2,2.8,4.6,0.6,0.45,5.5,5.5,1,0.9,7.4,8.3,1.8,3.7,0,1.8,1.8,13.8,,
Kevin Knox,25,GSW,SF,5,0,38,7.6,7.6,18.9,0.4,0.9,5.7,0.167,6.6,13.3,0.5,0.425,3.8,4.7,0.8,2.8,3.8,6.6,3.8,0,0.9,1.9,1.9,19.9,,
Vince Williams Jr.,24,MEM,SG,3,0,38,12.66666667,3.8,6.6,0.571,3.8,6.6,0.571,0,0,,0.857,1.9,1.9,1,0.9,5.7,6.6,3.8,1.9,0.9,2.8,2.8,13.3,,
DeAndre Jordan,36,DEN,C,7,0,36,5.142857143,3,3,1,0,0,,3,3,1,1,0,4,0,1,8,9,2,0,1,2,9,6,,
Johnny Furphy,20,IND,SG,11,0,35,3.181818182,1,4.1,0.25,0,2.1,0,1,2.1,0.5,0.25,0,1,0,1,5.1,6.2,1,0,1,1,6.2,2.1,,
Craig Porter Jr.,24,CLE,PG,6,0,35,5.833333333,6.2,12.3,0.5,0,3.1,0,6.2,9.3,0.667,0.5,0,0,,3.1,3.1,6.2,9.3,3.1,2.1,2.1,2.1,12.3,,
Precious Achiuwa,25,NYK,C,8,0,34,4.25,6.4,14.8,0.429,0,1.1,0,6.4,13.8,0.462,0.429,2.1,4.2,0.5,3.2,6.4,9.5,0,1.1,0,1.1,2.1,14.8,,
Zeke Nnaji,24,DEN,PF,6,0,34,5.666666667,1.1,8.5,0.125,1.1,6.4,0.167,0,2.1,0,0.188,4.2,7.4,0.571,3.2,4.2,7.4,2.1,1.1,2.1,2.1,6.4,7.4,,
Ron Holland,19,DET,SF,5,0,34,6.8,0,5.3,0,0,3.2,0,0,2.1,0,0,9.5,10.6,0.9,3.2,3.2,6.4,0,0,1.1,6.4,5.3,9.5,,
Ousmane Dieng,21,OKC,C,9,0,32,3.555555556,4.5,11.3,0.4,4.5,7.9,0.571,0,3.4,0,0.6,2.3,2.3,1,0,4.5,4.5,3.4,0,1.1,0,0,15.8,,
Jordan Goodwin,26,LAL,PG,4,0,31,7.75,1.2,5.8,0.2,0,2.3,0,1.2,3.5,0.333,0.2,1.2,2.3,0.5,2.3,3.5,5.8,2.3,1.2,1.2,1.2,8.1,3.5,,
Jaxson Hayes,24,LAL,C,4,4,31,7.75,3.5,9.3,0.375,0,0,,3.5,9.3,0.375,0.375,1.2,2.3,0.5,5.8,3.5,9.3,1.2,0,1.2,1.2,9.3,8.1,,
Jaylon Tyson,22,CLE,SG,4,0,31,7.75,8.1,17.4,0.467,5.8,10.5,0.556,2.3,7,0.333,0.633,5.8,7,0.833,3.5,4.6,8.1,8.1,2.3,1.2,2.3,4.6,27.9,,
Hunter Tyson,24,DEN,PF,5,0,30,6,6,12,0.5,1.2,6,0.2,4.8,6,0.8,0.55,4.8,4.8,1,4.8,4.8,9.6,2.4,1.2,0,1.2,3.6,18,,
Ryan Rollins,22,MIL,PG,3,1,30,10,4.8,15.6,0.308,2.4,8.4,0.286,2.4,7.2,0.333,0.385,0,0,,1.2,1.2,2.4,4.8,1.2,0,0,4.8,12,,
Tristan Thompson,33,CLE,C,3,0,29,9.666666667,3.7,7.4,0.5,0,0,,3.7,7.4,0.5,0.5,1.2,3.7,0.333,2.5,16.1,18.6,1.2,1.2,2.5,2.5,2.5,8.7,,
Jaylen Clark,23,MIN,SG,5,0,28,5.6,5.1,6.4,0.8,0,1.3,0,5.1,5.1,1,0.8,3.9,5.1,0.75,2.6,6.4,9,1.3,2.6,0,1.3,2.6,14.1,,
Marvin Bagley III,25,MEM,PF,2,0,28,14,10.3,11.6,0.889,1.3,1.3,1,9,10.3,0.875,0.944,0,0,,2.6,5.1,7.7,0,2.6,1.3,3.9,3.9,21.9,,
Aaron Holiday,28,HOU,PG,3,0,27,9,5.3,13.3,0.4,2.7,6.7,0.4,2.7,6.7,0.4,0.5,2.7,5.3,0.5,1.3,1.3,2.7,4,0,0,1.3,4,16,,
Braxton Key,27,GSW,SF,5,0,23,4.6,1.6,12.5,0.125,0,1.6,0,1.6,11,0.143,0.125,0,0,,7.8,6.3,14.1,1.6,3.1,3.1,4.7,6.3,3.1,,
Josh Minott,22,MIN,SF,5,0,23,4.6,3.1,12.5,0.25,1.6,9.4,0.167,1.6,3.1,0.5,0.313,0,0,,0,0,0,3.1,0,1.6,3.1,1.6,7.8,,
Baylor Scheierman,24,BOS,SG,4,0,22,5.5,4.9,16.4,0.3,3.3,8.2,0.4,1.6,8.2,0.2,0.4,0,0,,1.6,4.9,6.5,0,0,0,1.6,3.3,13.1,,
Torrey Craig,34,BOS,SF,5,0,21,4.2,3.4,6.9,0.5,3.4,5.1,0.667,0,1.7,0,0.75,0,0,,3.4,5.1,8.6,5.1,1.7,0,1.7,3.4,10.3,,
Luka Garza,26,MIN,C,5,0,19,3.8,11.4,11.4,1,1.9,1.9,1,9.5,9.5,1,1.083,0,0,,5.7,0,5.7,0,0,0,0,1.9,24.6,,
Jaime Jaquez Jr.,23,MIA,SF,3,0,19,6.333333333,1.9,11.4,0.167,0,3.8,0,1.9,7.6,0.25,0.167,3.8,3.8,1,5.7,1.9,7.6,1.9,0,0,1.9,1.9,7.6,,
Isaiah Stewart,23,DET,C,1,0,19,19,1.9,3.8,0.5,0,0,,1.9,3.8,0.5,0.5,0,0,,1.9,7.6,9.5,1.9,0,3.8,0,9.5,3.8,,
James Johnson,37,IND,PF,5,0,18,3.6,6,10,0.6,0,2,0,6,8,0.75,0.6,2,4,0.5,0,2,2,4,4,4,2,6,14,,
Jay Huff,26,MEM,C,2,0,18,9,4,8,0.5,0,2,0,4,6,0.667,0.5,8,8,1,2,4,6,2,0,6,2,2,16,,
Rob Dillingham,20,MIN,PG,3,0,16,5.333333333,6.8,18,0.375,2.3,4.5,0.5,4.5,13.5,0.333,0.438,2.3,4.5,0.5,0,4.5,4.5,15.8,0,0,0,2.3,18,,
Jordan Walsh,20,BOS,PF,5,0,15,3,0,2.4,0,0,2.4,0,0,0,,0,0,0,,0,2.4,2.4,2.4,0,0,0,0,0,,
Kobe Brown,25,LAC,PF,3,0,15,5,16.8,19.2,0.875,2.4,2.4,1,14.4,16.8,0.857,0.938,2.4,2.4,1,0,2.4,2.4,9.6,0,0,0,0,38.4,,
Alec Burks,33,MIA,SG,1,1,15,15,4.8,7.2,0.667,4.8,7.2,0.667,0,0,,1,0,0,,0,4.8,4.8,4.8,0,0,0,0,14.4,,
Pat Connaughton,32,MIL,SG,3,0,14,4.666666667,5.1,20.6,0.25,2.6,10.3,0.25,2.6,10.3,0.25,0.313,2.6,5.1,0.5,0,5.1,5.1,2.6,0,0,2.6,2.6,15.4,,
Kyle Anderson,31,MIA,SF,2,0,14,7,0,5.1,0,0,0,,0,5.1,0,0,0,0,,0,2.6,2.6,2.6,0,0,2.6,2.6,0,,
JD Davison,22,BOS,PG,4,0,13,3.25,2.8,22.2,0.125,2.8,5.5,0.5,0,16.6,0,0.188,2.8,5.5,0.5,2.8,5.5,8.3,8.3,0,0,2.8,0,11.1,,
Neemias Queta,25,BOS,C,4,0,13,3.25,13.8,16.6,0.833,0,0,,13.8,16.6,0.833,0.833,0,0,,5.5,0,5.5,5.5,2.8,0,0,5.5,27.7,,
Cam Christie,19,LAC,SG,3,0,13,4.333333333,5.5,8.3,0.667,2.8,5.5,0.5,2.8,2.8,1,0.833,0,0,,0,5.5,5.5,0,2.8,0,2.8,0,13.8,,
Drew Eubanks,27,LAC,C,3,0,13,4.333333333,0,5.5,0,0,0,,0,5.5,0,0,11.1,16.6,0.667,0,2.8,2.8,0,0,0,0,5.5,11.1,,
Jordan Miller,25,LAC,SF,3,0,13,4.333333333,8.3,19.4,0.429,0,2.8,0,8.3,16.6,0.5,0.429,2.8,5.5,0.5,0,5.5,5.5,11.1,8.3,0,0,0,19.4,,
Leonard Miller,21,MIN,SF,3,0,13,4.333333333,16.6,22.2,0.75,2.8,2.8,1,13.8,19.4,0.714,0.813,0,0,,8.3,5.5,13.8,0,0,0,2.8,0,36,,
Chuma Okeke,26,CLE,PF,3,0,13,4.333333333,2.8,11.1,0.25,2.8,11.1,0.25,0,0,,0.375,0,0,,0,0,0,2.8,2.8,0,0,0,8.3,,
Lamar Stevens,27,MEM,PF,2,0,12,6,6,27,0.222,0,9,0,6,18,0.333,0.222,0,0,,0,12,12,3,0,0,3,3,12,,
Goga Bitadze,25,ORL,C,3,0,11,3.666666667,3.3,3.3,1,0,0,,3.3,3.3,1,1,0,0,,0,9.8,9.8,3.3,0,3.3,0,19.6,6.5,,
Vlatko Čančar,27,DEN,PF,3,0,11,3.666666667,0,0,,0,0,,0,0,,,0,0,,0,6.5,6.5,0,0,0,6.5,0,0,,
Reed Sheppard,20,HOU,PG,3,0,10,3.333333333,0,7.2,0,0,7.2,0,0,0,,0,0,0,,0,3.6,3.6,3.6,7.2,3.6,3.6,3.6,0,,
Keshad Johnson,23,MIA,SF,2,0,8,4,4.5,4.5,1,0,0,,4.5,4.5,1,1,0,0,,4.5,0,4.5,0,0,0,4.5,4.5,9,,
Xavier Tillman Sr.,26,BOS,C,1,0,8,8,4.5,18,0.25,0,9,0,4.5,9,0.5,0.25,0,0,,4.5,9,13.5,0,0,0,0,0,9,,
Tyler Kolek,23,NYK,PG,3,0,6,2,6,6,1,6,6,1,0,0,,1.5,0,0,,0,6,6,18,0,0,0,0,18,,
Jeff Green,38,HOU,PF,3,0,5,1.666666667,7.2,21.6,0.333,7.2,7.2,1,0,14.4,0,0.5,0,0,,7.2,0,7.2,0,0,0,0,0,21.6,,
Ariel Hukporti,22,NYK,C,3,0,5,1.666666667,14.4,14.4,1,0,0,,14.4,14.4,1,1,0,14.4,0,0,14.4,14.4,0,0,0,0,0,28.8,,
Cam Whitmore,20,HOU,SF,3,0,5,1.666666667,0,14.4,0,0,7.2,0,0,7.2,0,0,0,0,,0,7.2,7.2,0,0,0,0,0,0,,
Nate Williams,25,HOU,SG,3,0,5,1.666666667,0,7.2,0,0,7.2,0,0,0,,0,0,0,,0,0,0,0,0,0,7.2,7.2,0,,
Tristan Da Silva,23,ORL,SF,2,0,5,2.5,0,7.2,0,0,7.2,0,0,0,,0,0,0,,0,28.8,28.8,7.2,0,0,14.4,0,0,,
Andre Jackson Jr.,23,MIL,SG,2,0,5,2.5,0,7.2,0,0,7.2,0,0,0,,0,0,0,,0,0,0,0,0,0,0,0,0,,
Chris Livingston,21,MIL,SF,2,0,5,2.5,0,7.2,0,0,7.2,0,0,0,,0,0,0,,0,7.2,7.2,0,0,0,0,0,0,,
Maxi Kleber,33,LAL,PF,1,0,5,5,0,7.2,0,0,7.2,0,0,0,,0,14.4,14.4,1,0,0,0,0,0,0,7.2,7.2,14.4,,
Jock Landale,29,HOU,C,1,0,5,5,7.2,14.4,0.5,0,0,,7.2,14.4,0.5,0.5,0,0,,0,0,0,0,0,0,0,0,14.4,,
Pacôme Dadiet,19,NYK,SG,2,0,4,2,9,9,1,0,0,,9,9,1,1,0,0,,0,0,0,0,0,0,0,0,18,,
Bronny James,20,LAL,SG,2,0,4,2,0,18,0,0,18,0,0,0,,0,0,0,,0,0,0,0,0,0,0,0,0,,
Dalton Knecht,23,LAL,SF,2,0,4,2,18,45,0.4,9,36,0.25,9,9,1,0.5,0,0,,18,9,27,0,0,0,0,0,45,,
Alex Len,31,LAL,C,2,0,4,2,0,9,0,0,0,,0,9,0,0,0,0,,27,9,36,0,0,0,0,0,0,,
Shake Milton,28,LAL,SG,2,0,4,2,0,9,0,0,0,,0,9,0,0,0,0,,0,0,0,0,0,0,0,9,0,,
Jett Howard,21,ORL,SF,1,0,4,4,18,18,1,18,18,1,0,0,,1.5,0,0,,0,0,0,0,0,0,0,9,54,,
Patty Mills,36,LAC,PG,1,0,4,4,9,18,0.5,9,9,1,0,9,0,0.75,0,0,,0,0,0,0,0,0,9,9,27,,
P.J. Tucker,39,NYK,SF,1,0,4,4,0,0,,0,0,,0,0,,,0,0,,0,0,0,0,0,0,0,9,0,,
League Average,,,,,,,,,,0.455,,,0.354,,,0.526,0.528,,,0.775,,,,,,,,,,,
